:START_ID(Orgao),:END_ID(Unidade_gestora)
b9475de5915148892ed2ddb2ff07c9118ebd7addebd80273e6e137c2a0e1ba6e,9e6c53ca8ae93763c6cba963cde0b064ca459ee0e207fc220df2c7463d8f0398
5a240e0896e68ba561bc05311267879440b7e79dfb16ef88ed761dbd5ecd7dc3,e1a98422e76ae79b317dbd425975150bcb69a52fdfb078c466661ce7acf8ad85
8d6f6b32b3d3d9e8d0c892270963413ec4fe2578ed0f2e3137b35b7c6c3b3df9,b052518b3b94cf10ef6bced84ae7d70f47510d63c259cb2fd0ccf3f8f9b13231
6d8551cc84f37e6923c2957e538411030f6ea09252386a34590b9456ab84f114,ff700a79d38b393d9ba9de39c9758af864715adf503fb9273a4265b157d85822
e61c5970bf967f7c20f164a747c9dcc32e5d0f17b248c50eac8ba22007b79563,cd9f19b6707dac22b89fdf6afc4c9e3d274313c58de83ed72e797dba53edd622
b280bee9123796e0cfa0c24eda87c831f7eb21333d96aeb0037f6be428dff3cc,c4e7221656363f524bc92ebfdb58199d64185564d3a9f03c780a03f0f90dfe59
e61c5970bf967f7c20f164a747c9dcc32e5d0f17b248c50eac8ba22007b79563,c3e6b6db9f3d169fefdcd5bbae1c5527c2f6a6201d269827c83f05348ba9e287
b9475de5915148892ed2ddb2ff07c9118ebd7addebd80273e6e137c2a0e1ba6e,63d6f7e1922355b506525c3623439f7375a7626d80317870cd5c080c52ada949
9b5fdff834345fc823b34ee853fabfad6269f6c21bd232a7a115d45085120d12,83205b7d0e758f0a485828388efb068abc4a171f1f6b35a3d9a6c422f3b232f2
2c17cc5e6ecb873e8b293ba9ed8de5b80d8b8aae2c1fbcc9bbe2e95864468868,af7600108f25d0919a32686f9ebc58cde02b508d194538dd1e2ceafc44df2978
bfdf7150ab36cea644ef79b49bfb9e4ee92c49056769d7dc589aedd4b7191811,3fe966560e330d88e9b3d2bc81ba9ef44b9e6599fbcdd6ac649f26e8913df39a
afa7904ca2adb104c9603a51ae357dd57c1419dca598dd009ccf244af7ce6eae,a6bf5ef837e043989fc5be41f7e7c1a4ea49ef009be3ecf6df2869019f745f46
afa7904ca2adb104c9603a51ae357dd57c1419dca598dd009ccf244af7ce6eae,4a868d5e1dc2978d625e43d19a7cd98496b5cadd2da7f314f65b9464b091394e
afa7904ca2adb104c9603a51ae357dd57c1419dca598dd009ccf244af7ce6eae,ec32c10ff3d67f3bb5f5012f3e49b2d121adfae11efbe9161cce4c07d8bd567f
bf02f242ec196aa7f8ff88ecb6df0c93c75d7a072b6d89be0c8a73f29720afde,fd41ff3d98b8749746a17e15693b938990ac1b90a460a89bb497acb88c2e3c55
6d8551cc84f37e6923c2957e538411030f6ea09252386a34590b9456ab84f114,52658c56e5e68b817ae148e809c1c9543e5fa9a4feda7e1fd91e11a1f37ef38e
2b6f52c11c878d5c2eb1585160803a8b25384d6626cbe1ab5459834d0ab25e95,0568abab9a9149657c3c4bde75d195947c6d079b317f47326966aa1c4303f87e
c566a30616de21a140df36a02c86798f71b3533430c3060749b449486c8f2dce,70bb3f3510dbc235e0838024381c31e7789693b0c8bfbe3db5c1e2125ce4b339
b280bee9123796e0cfa0c24eda87c831f7eb21333d96aeb0037f6be428dff3cc,443169bba2fb6e5e1f66e36acbd04263a39bfeda7b6bd2404d816f2c66cb5a5b
eb371248a37142f9962c55b52060421f39f7948de49eb31221eec7bcb3ba8ad9,585cac131b5eae5e07714524646ea9e1c9726ae2126eca8e99da86a407aa3aa3
c566a30616de21a140df36a02c86798f71b3533430c3060749b449486c8f2dce,7dea83963cdacd21700aa038952ab8677200810c40c6549b5f10730d86379bc2
5a23e193668631416aeb18046e518b4f22259995b6bf1a9a51af40aa5fa797bf,5539cd8c6863c1f403158d0b1c73a2b6d7c223513c89efc1b927e0d76de41c74
b280bee9123796e0cfa0c24eda87c831f7eb21333d96aeb0037f6be428dff3cc,2150173fffad3dfc21829206a0ecc7bd05565ff2ad0826c0c044e51f640ef266
e6a898d5facae9593779d6dfd1736bfedbf1336018f46338a83f29a545f33451,9d57fc66124f7313283faa36b2e4d98890736eb3f0944f3a751fcd6ebda793db
2d6cec0ac9e7cf4ed6512fc6abab156aa9d106430f8b14076d04a05b3690cc93,43b8eceb4cc463d547b6405e445a511e9954b34428d084f2acb24dd55ed16a50
375fe3b60a99342752cd7db6d75dee991a85ee6098024d0a7b40e3e851660193,e7c1c65b30239b0371dc790cfb1ee26c7ef7097df6e31bb02dbb317fe386a654
b280bee9123796e0cfa0c24eda87c831f7eb21333d96aeb0037f6be428dff3cc,ebd2175591b965a1a328c3646f86bcd660aa604092a0cf5e3496479490099573
b280bee9123796e0cfa0c24eda87c831f7eb21333d96aeb0037f6be428dff3cc,e0848db27f7bba1bcbf9da3770e9726469acb7f1bd97bd5840bf2cb6cc12b2ae
2c17cc5e6ecb873e8b293ba9ed8de5b80d8b8aae2c1fbcc9bbe2e95864468868,b6be5426e55d6047bc62d0cf23d0393bac9e4d7d000ef4cdc763d1f934bf7523
2c17cc5e6ecb873e8b293ba9ed8de5b80d8b8aae2c1fbcc9bbe2e95864468868,01d2503cabff78718e2208fe9d1207cb8aeca3713415809991fdff3fab3ee417
11955df008effb70b3a506fc9dc3b6d3a0931f9d066efb0852b2aea53c066e9c,9137743fcd612f76eeb3d0ffa6ab75652527c3b809531d6795b6b31beaf87357
48e27e2b1eba9e238259a17463417a81bf8f5c38c83caabf0c2cdd022f017ee2,2d51f92cb76a85e0cafe91ef7e41450f12162bcf0b51dc224c789f41a47e3e9b
a7bb71a3c6ce94d9f0159f93ff0e1917eebb4fd29107b071ebc69f145e74c7fd,9cd86f1bbf9ea5956aa5eb7984ba7059f6497339b36f095b31bad04195ce0194
77ec5d523afd24b91968c6a9504cb12aabbf646f8d00e0756e43e0ba58b036a4,2127831ff189e4a556fdcfbb09d65db5e0a766a6d37fd99ded53e7d50634c23c
2d6cec0ac9e7cf4ed6512fc6abab156aa9d106430f8b14076d04a05b3690cc93,0da8852e56d50c7ef92d3e9a20d51a652c6ad8c3dcc54adf63aced2629b28987
a7bb71a3c6ce94d9f0159f93ff0e1917eebb4fd29107b071ebc69f145e74c7fd,4480396ab3b11889746b2e01025e78b9bfa9d0baaeb513a7507d6a5abf88782a
f4fcd46a2023c0752960ec29d05e9e91673b740439a68a06274ddc59b7a1785d,944d22d49311237ab4e06aba9ddab68985e2ae9ef0c0f592105c0dc1433a205f
9f02670b9dc9b7aa0d8702ef4a4f6fb7568f8c26f3c3a9192fd87e6501c26c04,5f66212f73781bf5434099f83b489b9cbfc63006dc5ec70a17b1ad70786fb84d
05a32c81e46ae89022f13d7ca74c640a2811e4e8d71f034814adf97c590cad05,cca3e26bb602d7750a7f3e196386ba014544e27a436a058e26eb8eb3daa8fe71
eb371248a37142f9962c55b52060421f39f7948de49eb31221eec7bcb3ba8ad9,368d8bf32e4475fe77005a436d8917e8651708d8d2f4e62401b247bfc8e012d6
c6b7f5e5f2c882615e1f007a8b6d5335e1195bf3fd82344b708de34d2baba01f,8a947ebbd3d8f65cded7ae2d7da9b777d431bc0923449b6f5d20f21dd2732f43
afa7904ca2adb104c9603a51ae357dd57c1419dca598dd009ccf244af7ce6eae,24dd6279accb4f66112cb09de2f7045ebd9a87a9fa6975a5227969ded3ea53d1
79aa4225e90e6b4c55a45b365792e28f1a242901f51ecbc456a7901fe20b048a,425695f79a40e327c069cf2f51726bc14ea9071d4df4c7a4811461c915bba5d5
c566a30616de21a140df36a02c86798f71b3533430c3060749b449486c8f2dce,2170727b97f20b02b28e55009eca64d7eb1689d965c4a2183375b0446021fb6e
41cf7829de7b7f58d45f1481c13a19135dcee8cb048db5bc5db234f8df70c56b,42a0363c7535b525ccdd21a5efbf5cbccd70d66d65c916267de815fed3bdaf52
afa7904ca2adb104c9603a51ae357dd57c1419dca598dd009ccf244af7ce6eae,e35eece24c9feebddf3bab76be9d442227408318cd5154d6db5219a2acf9415b
0490038fb5341823d8e9e44729d04ddc5858de3cfa0ef5588472d1c46db8c41c,d63b5d265b2849d36a5de92dd3892a06acab4c0037fca666cd9f1d6f8d47f57b
211a494f0ccff5d89695e5e4222ca492f4fa267400719f9b582e5bdd28aec372,66ea3b7daeced210dc8e969f08c8dbe729ef12166bb903562b984b186615092b
b280bee9123796e0cfa0c24eda87c831f7eb21333d96aeb0037f6be428dff3cc,b2209ebb9250db1c179c58b7f3762371a07528039519b3f8c5fc30bb12c113fd
4833dab3920b8d1ebfbb25c9c2c8ff44da859a59091ad0663f1dea39e79a53d0,ed01bb0b357b7cc8940af490164753d954c8960209bdd5f073532fa8e2403d80
afa7904ca2adb104c9603a51ae357dd57c1419dca598dd009ccf244af7ce6eae,c088ea2b2b37cd00cbcde20809bee81bc54bbfd83415fa5102a9f68fe6a7f9c5
375fe3b60a99342752cd7db6d75dee991a85ee6098024d0a7b40e3e851660193,4ffb999a04f5f274fee87d5ae5502ec16670300f67f0ff70d76e0ee82893351a
b280bee9123796e0cfa0c24eda87c831f7eb21333d96aeb0037f6be428dff3cc,cb31257277bd94b6a924ab2442938f94c5c620e489bfd5fa651db75a8f55a80c
2d6cec0ac9e7cf4ed6512fc6abab156aa9d106430f8b14076d04a05b3690cc93,d2e953431cce9f107f4c972ef3c26dccddeb2fdbd335c2e8e256c580e64af5a4
375fe3b60a99342752cd7db6d75dee991a85ee6098024d0a7b40e3e851660193,1d0e52f42fa8485d45b55a463a072fa148494903b2b6a3593fb696ed99d9865c
b9475de5915148892ed2ddb2ff07c9118ebd7addebd80273e6e137c2a0e1ba6e,da4c8fe1339dd338c9f3ad9f51ce1bcbdb9dd27550bb8b901bb2362d71001279
afa7904ca2adb104c9603a51ae357dd57c1419dca598dd009ccf244af7ce6eae,91dc2347f72026513aef13c9f5efa3224b43e9ce72440717f9acd440cd6e3f80
2cc327784d5e93517e33e743a1f3e9b9884fc67a8cba11c58723e98de14e1213,c0e0466adef96edf86303f22085a6a790da0c95c8b28fb7999a69f0f076460c7
7416a642dab276e659106df601b1f4760d3769287a5659c190451c49273ea63e,a2884fc4bdb763c88c06f958db594c4e0d66138e04eb7836e74458e712cf73eb
48e27e2b1eba9e238259a17463417a81bf8f5c38c83caabf0c2cdd022f017ee2,198b23794303a748a32fcf56a70975b1a36e1277fd01765a42887dcf2940e618
c566a30616de21a140df36a02c86798f71b3533430c3060749b449486c8f2dce,65b9a6250daa08d8de58a25d5ea96647fd88f8940019f8cbb81a48022898896d
9f02670b9dc9b7aa0d8702ef4a4f6fb7568f8c26f3c3a9192fd87e6501c26c04,e37c907a8e6ecd42b645dcaff04c530d07287e5fcaf25056692724acb64bb5a2
59a18cd07abdcd20bac033c8418da09b7145303f895bccd45865c06ac006afc8,c40504703dbe73e520db4ef9ddeb26799d61729de8ab38b3691daf5464195bb4
656db4a910d41840e78e64f1611b4ab74ab7aed3db4dcf6ed32f494e9a8d1618,f671707071e2ee1b52c93000b5fda777b23ca2fd6f66367c0ac41ce0b40f8b09
375fe3b60a99342752cd7db6d75dee991a85ee6098024d0a7b40e3e851660193,32cd5e534930b4fcc518f5d83ce92c1793f621644b4389ba18f6d223d4b1fbcb
b280bee9123796e0cfa0c24eda87c831f7eb21333d96aeb0037f6be428dff3cc,aca40bf1a69303b57b2860da6a39571d0dacebdcea4e8f4e2aa160390667e5ba
a7bb71a3c6ce94d9f0159f93ff0e1917eebb4fd29107b071ebc69f145e74c7fd,775af9825c0c24f15604f4b5f8135d750a4069257ccf9d2efe0fe2c589fe221d
b9475de5915148892ed2ddb2ff07c9118ebd7addebd80273e6e137c2a0e1ba6e,0c740ee142c5c70043c9464b30f00af60939648c8738057940bd7f45701e9f77
a7bb71a3c6ce94d9f0159f93ff0e1917eebb4fd29107b071ebc69f145e74c7fd,2697d8c3ce9f608af349db2258f3da1f7503e2c17314861c4e6b0bed91c56893
c7f7deace6b2f54a711d30e6eca022d533e5ed0b776aa99ad73891b80ed22afd,d69e3e578fdc7182dd8555cb07e44c066063970a5f2816c8019e9512b1bad00d
48e27e2b1eba9e238259a17463417a81bf8f5c38c83caabf0c2cdd022f017ee2,549f08daea5e6e33b9ecafda90ef4d9ebc020ce6354c27aa9b5dd2769391338c
a7bb71a3c6ce94d9f0159f93ff0e1917eebb4fd29107b071ebc69f145e74c7fd,2335babd2beabbb92b1dfabfc0a475796bdc61ea9cf93fe411c23753fb3ec3d5
8c7d35cbaf50bab10ac20b0c6d020ab828e1f660f1fe5ad013a67cc5643062d5,29c20c64ba3d2deb716c89ab5f7429fbd8249db2f39895094a0233a9e28a6ddd
afa7904ca2adb104c9603a51ae357dd57c1419dca598dd009ccf244af7ce6eae,a2c760b75f841f3962db78814efef1813a7789a22720b72935cd6567f69bb984
afa7904ca2adb104c9603a51ae357dd57c1419dca598dd009ccf244af7ce6eae,1ab3e2d27f49abb7355f355196a946d87c9e627b6a9f902436b1ddc8e7ad3091
a7bb71a3c6ce94d9f0159f93ff0e1917eebb4fd29107b071ebc69f145e74c7fd,c8f198b39368a4c18816bd4ad65261eac64da3ed0b06ed492b8c782178c22760
b9475de5915148892ed2ddb2ff07c9118ebd7addebd80273e6e137c2a0e1ba6e,3cdd8807b260162613dc8b46a77fa2c3d5aec378c0bcc692940d50da79a25680
b280bee9123796e0cfa0c24eda87c831f7eb21333d96aeb0037f6be428dff3cc,f17a6ad6eae42c79d2e94f4dac31bbd6a69a48eedb725204dce93293cf1a3b76
a7bb71a3c6ce94d9f0159f93ff0e1917eebb4fd29107b071ebc69f145e74c7fd,92e5550a0466d9fa0c1b69825eff4dcabb04340d11a9d2d2b6de177965ed1e85
afa7904ca2adb104c9603a51ae357dd57c1419dca598dd009ccf244af7ce6eae,077b32958a0fb21422f7286369edefd2d3c5d52bd1325ad5276191f1772cce20
8ee117ecfb493b916b0112e1dc2f87f92718d7ad4b40a589790dd783959016b1,99959952b19c8a428c0e1be0701b6d5317626853930a6f894027d43669771c1b
375fe3b60a99342752cd7db6d75dee991a85ee6098024d0a7b40e3e851660193,c61aab96606dbcac836192015ef5397ac4aa8c2ad05b61251dcea64f789ee679
1c6a4b0142c2dfb468d852722b1851d0bb40d24a69355d791a4cbf3bda941fb2,d0e2e15edd5ed02c5f8da00139c739165c8003e754278b252b87706786d35044
b7cff9d26362623eea214b7f57613760548436d4e9d3ead35d4d1afcd2f22135,e6265cc819e260736e839b3dd9dbe605f846b77690f88434548041955610edc0
6d8551cc84f37e6923c2957e538411030f6ea09252386a34590b9456ab84f114,a5c7dde7e4fc5a10f9d2422c99c30fef1ada0f238c13252e0e452fde0ff879a9
bf02f242ec196aa7f8ff88ecb6df0c93c75d7a072b6d89be0c8a73f29720afde,f00228acfffac5ddc23a0a921b7dcc0b76114c484b854a02a566558e458ea1a2
648a6e41468932992e6fbc137f49806cbd9f1ce8b35a9783c0cf8c55a0b6a1d9,659d72c4308c85ab752c6b1a576ae9c566033798186d39acb0d14b61f8594d35
3e0e46215233d79c4562eff1a97e51b97011d73d2c41f073aa0f6e82e4a092ea,dd6a8ce24a46b413b197245239b0c8e46f46a8e2eb1f8c9a072bd4b2f1439c55
f77eb1310197e6cc82374c2e14aeebb547a942be7c1f77c252f33d306034f84d,379a31577e6bdbfdb4967371a143503575ee87113bcbe3bbab5c0a38c7bf6f75
b7cff9d26362623eea214b7f57613760548436d4e9d3ead35d4d1afcd2f22135,dbaf701d64a3b105eceaf18946ca43cbdf87d60f09a2bb5a0c2075cd31ee752f
a7bb71a3c6ce94d9f0159f93ff0e1917eebb4fd29107b071ebc69f145e74c7fd,13c976d4929d4dc90589757b1aafba9bdbacb47e2f8ff26bd6ad2c0fb6114575
b877a8952ca88abf562facaa6379153b83396d810b90088514fab158d5c9b206,0bac702c50e3e973955544c74caa7bea74cc5a65aaba19afb40e302706e404f5
2d6cec0ac9e7cf4ed6512fc6abab156aa9d106430f8b14076d04a05b3690cc93,2abde62a5472ee1feeaf31576a2bb520cff2f3ef59a69ce40ca392ba8571e792
3e0e46215233d79c4562eff1a97e51b97011d73d2c41f073aa0f6e82e4a092ea,f7a7eae117d48584473f1d0f0702055b5a822f8d0415d7bdd63313786b219b03
2d6cec0ac9e7cf4ed6512fc6abab156aa9d106430f8b14076d04a05b3690cc93,949b15bd0d0557250282ff2e87681f663242cc33a034a8e326bf5ef2b9eba94e
8b26d65642ce2ed6e89a7721a3353de6512ef1ac7f3d04f1732400f17deea075,d94280a25c394dd0eeda86819a24c5681203eb9b73f663ca243a8edfad69965c
5a8e0d40069a37e30efd23a1ba285d9e287d5b751f91d4f7685231abc1243223,0eb4236bff44b89f8f67c9c3832eeb6a65aae7eb01737f985ef7a8e5036ea233
2d6cec0ac9e7cf4ed6512fc6abab156aa9d106430f8b14076d04a05b3690cc93,884e96e5c82cc38e7ffcff6934023922411afc6fa735c4c2936cbd83f79d7c11
b9475de5915148892ed2ddb2ff07c9118ebd7addebd80273e6e137c2a0e1ba6e,50999fab3ac5e2a6bdf59661297d7176c85e0334f22d0c17d5c1e5bc727a41a8
68e426462bf8f7245770b9007936cd4cde69880d1eeb32fb48e48b57ced2e46a,15a417855d816cb6997df70009a99595ff2ce6fd71f15e33a91af84bec2cf69d
3bfa86a14de848234a8a5503ca66d22b6fdde3841cb5062610b00298498c160b,a6fb3c96ebf7453ebac32ac4df6b3cd3a43a7965182bbefb65985fefa9530373
afa7904ca2adb104c9603a51ae357dd57c1419dca598dd009ccf244af7ce6eae,0023e55590997163d2debe27ff00f79fe8a2fc69defa9d104c9d265173a9f164
656db4a910d41840e78e64f1611b4ab74ab7aed3db4dcf6ed32f494e9a8d1618,e5407ceb709619ca30a2a9bc8489bee5f6e93b5f4588fc043140fa7e2771b03c
f4fcd46a2023c0752960ec29d05e9e91673b740439a68a06274ddc59b7a1785d,dfecb1b50329f8877b1f4c9bdc5401cda3b39f669ff6585f966530dc7e7c3bf0
2fdcf9d2fd07780246f4952d4bfca1a67179bf643f734ebee4a4422d930ce60b,65412d30e49cbfa0b48689e871d6a180868cd116f575391b43826e15d298f593
3a4e2ec55e5cf7783a7fb32b523f7d1f0280df32132cb044ff4344727b10815c,a306a4fc900d04e9cd1f94449f28c23ff0454a0645cef036b47116342c186e9e
375fe3b60a99342752cd7db6d75dee991a85ee6098024d0a7b40e3e851660193,2f80012fc3a08cda07de5e448e52fe4888ea7276615a31d220c337a670a21e7b
3b37856013397075d5fcadf0ced65d56fed5b1b1281256b482eb149b0d786668,c0bfa33523e5c4842f535a4e2d5d8ea357f207053865d11b193ab6a8b4074a67
e61c5970bf967f7c20f164a747c9dcc32e5d0f17b248c50eac8ba22007b79563,687189877fc1c2c05c5576475a9654e28891055a8454d5b7c52128ee7fdf425c
2a1d6e03b1de6c3c8b1dfc3ca14a2af355a2acff3cde423b5f1bddb060ddd4bc,b5932ac4823bdd41dedff974064c31ac38719fcd3156afd8ea737f2aca8837f7
befa927579ad7360533214f83997be9ef02bc21ddf0863b87440284b52d1f814,39ce541e14fa83cfa97fb722676921fdf683ef04f5e0a7fb49d3d270f0ac1ed0
2850e79f95527e98f13aa2db2384dec13a4ead1cf046aee7847490f4941176fc,0ba6be9ab3d058f272ca1e6c9811fdcc54b44467e172f870b3d5cea542c1d9ad
b280bee9123796e0cfa0c24eda87c831f7eb21333d96aeb0037f6be428dff3cc,bf715d340b604f118f5a8ec70850c3768e6b63677c2350f58809aeb36cd8acf4
1f5aa27f1bcae2314e79a18b7c8711cb03e5f4e1fd1e278c8a4240f144a43f00,d6651c25223d2ad5c2cc58b2581f6283a8539028a48cb1220007d93f47d5bac1
375fe3b60a99342752cd7db6d75dee991a85ee6098024d0a7b40e3e851660193,04f996884257732dc4a9c406381e9d0b00598b32f42e5d773affdca92093932c
afa7904ca2adb104c9603a51ae357dd57c1419dca598dd009ccf244af7ce6eae,e0e68419118e56b74923cf6fb8c3935c97158dc6bd819078f27efd72dfe29395
1b04bf550116470468aed5e796c0f83d95e7d494284ec3cbffc79482a5b0b94b,9e1f77f8589ac2f40aa74f413ea2349462173d60876a2d8fc8a7fd2368198af3
2d6cec0ac9e7cf4ed6512fc6abab156aa9d106430f8b14076d04a05b3690cc93,34b035e8a051e9e4982074d850365a81c3620e71a2560963bedcf246e730d15b
2d6cec0ac9e7cf4ed6512fc6abab156aa9d106430f8b14076d04a05b3690cc93,5bd64a404dbbb5e26c7c72fe617c521be239c1caf423f056777fe7142037da64
afa7904ca2adb104c9603a51ae357dd57c1419dca598dd009ccf244af7ce6eae,3ef5246ac85b44b88bcb1e1791476d99a81902b062d1542749bf48c793b39d12
79aa4225e90e6b4c55a45b365792e28f1a242901f51ecbc456a7901fe20b048a,c4aa49b7d6951bc64ff7884437a6a792d2f07afc6faf52d90934ae562e98cf38
afa7904ca2adb104c9603a51ae357dd57c1419dca598dd009ccf244af7ce6eae,e32217b79b9044e91c51fc2418e47e2f5880a3c5c359366c05031b8280ce8773
afa7904ca2adb104c9603a51ae357dd57c1419dca598dd009ccf244af7ce6eae,d34d39ac5044077c19daa26efd42e5b3a0895b9adb9433b7b15f6d952514f4a8
afa7904ca2adb104c9603a51ae357dd57c1419dca598dd009ccf244af7ce6eae,5e2570098fae43cf9c6976f4a837e61915e3a449c68af2a03c16f7b77a54fb71
b7cff9d26362623eea214b7f57613760548436d4e9d3ead35d4d1afcd2f22135,9568b8386a65fb6da63b2db9988bc8bc5d58001eede02e3381225e30be002abe
afa7904ca2adb104c9603a51ae357dd57c1419dca598dd009ccf244af7ce6eae,155fd6f6cf5a24cf047481e59439e8e70c684d7a57c0188b18a54e6ce0f20905
e6a898d5facae9593779d6dfd1736bfedbf1336018f46338a83f29a545f33451,daad50b2e597c267f3dd3f9c3e69107afcfa066fa2be4ebeb3539007ef6df602
b9475de5915148892ed2ddb2ff07c9118ebd7addebd80273e6e137c2a0e1ba6e,bf03a3001f758b2d22cf9da123535866de77504f596a2d1e42cc26935df0b293
c6b7f5e5f2c882615e1f007a8b6d5335e1195bf3fd82344b708de34d2baba01f,80b540bf2dd06046a2c284f90361c81baabf2f1fe78b681820078d30230e963b
a24e52cb71b88b2f3abe57aafe811de79a5f1bf0efc8c3e995c0380652a0abb0,9770dfb6f1514189cf4a8c201ee21d4c09242a613fb38d5ac62b24fa9d997456
c566a30616de21a140df36a02c86798f71b3533430c3060749b449486c8f2dce,e9b3f14467e79b12d206856793cbc68266377603f52e0983584e006a1b8a3eda
afa7904ca2adb104c9603a51ae357dd57c1419dca598dd009ccf244af7ce6eae,95a3f97a95800cca53f67265c9962ad08bceb74f113fc8661efa1f19b610e884
afa7904ca2adb104c9603a51ae357dd57c1419dca598dd009ccf244af7ce6eae,85cd6d3a7de035b54bdf202583049df11c9165428bf9482640f3c030a133af1e
b877a8952ca88abf562facaa6379153b83396d810b90088514fab158d5c9b206,6f92175e68d924ed48333b0abb168b270ed80f2ef8a074b5b55cb5a273f85f96
8d6f6b32b3d3d9e8d0c892270963413ec4fe2578ed0f2e3137b35b7c6c3b3df9,230d9cc9b53fe43961eec8859677fa77136eca6d3344f95567fc3c4e12da5cb9
6d8551cc84f37e6923c2957e538411030f6ea09252386a34590b9456ab84f114,f101301de0ed84d767b353f5977fb83de7c3a9e6dda4763f627aa237d1ad0e83
2d6cec0ac9e7cf4ed6512fc6abab156aa9d106430f8b14076d04a05b3690cc93,2ddcd6f0a00fb3358bf57f517254bbd2f6d626c9915fc4d61af30d7b7c3878bc
b62f0b3da7c759cacb54dd83401f3f8c0a56d24028f6c7661b2b345b9a406246,9496523c304dd4051940e406dd073aeaf5feeeae9a37d6ac23b120ca03fd3cfd
bb86e80b0aba47af5df615faeaa9bc9534d54d869a320519c99d8282f8aab875,f463dc85a727fa379d3daa5722ff5eb4085e25658d744611c436ab777545264b
48e27e2b1eba9e238259a17463417a81bf8f5c38c83caabf0c2cdd022f017ee2,c1629dd98196877c11918c5ecbbcacf5599639eaeca4886fa35f0bd11b51b7de
b9475de5915148892ed2ddb2ff07c9118ebd7addebd80273e6e137c2a0e1ba6e,ca883a4bf62997e7a939fcd8c233338cd08a82dd83df735dc4fc0c2bd9d9a154
9b3d148bac86444b904fdc89bdf93dddf6d08e3504c14ded695c385a86507adf,6da89ef9777c87ccd7e9a8bede2813546fdd1f2f3ea8d4706c204804bb464098
afa7904ca2adb104c9603a51ae357dd57c1419dca598dd009ccf244af7ce6eae,7d95b56114ba836535b755af88732b7d237d8a3ba23f19577eded1acb15e0241
3a4e2ec55e5cf7783a7fb32b523f7d1f0280df32132cb044ff4344727b10815c,328fe2fc8afb6c8bd09b3dd2e0537446089525f3d63ab27ab161dee3247cfe94
bf02f242ec196aa7f8ff88ecb6df0c93c75d7a072b6d89be0c8a73f29720afde,7336a3cdf1bce575c424f5b70e835d51670a915ac88b649f4a8a7607df7f2f8f
5bcd74976c371077ebfdb34185f1428915ba1c3d8b374b3b65838b9fe4b30c55,8f1f26c7535c9807fcd7e6b9011466163ad84bfeffb269e619dce57da207306c
8e5ad7f203c38d081100d1d5ee191171d7cc5448dcf7c4d17104ed6b7fb8529b,22545f592d1126d19b6064d583703f4130abbc9afdeaba91f3425c26287c49bc
11955df008effb70b3a506fc9dc3b6d3a0931f9d066efb0852b2aea53c066e9c,dbce82c0c0b9b1d6e5e573f5d5bb0a53e87d12439fc149bbcfcc3092aba2159e
48e27e2b1eba9e238259a17463417a81bf8f5c38c83caabf0c2cdd022f017ee2,e0dd9f0e51a7b261c906f2e2c255e0465d4520f94b839df214db3c2611ac0a42
b9475de5915148892ed2ddb2ff07c9118ebd7addebd80273e6e137c2a0e1ba6e,f8b6da1d9433f3f4c5e1fe878256da9965168679b862dc0a185b55eac11dad9d
9f02670b9dc9b7aa0d8702ef4a4f6fb7568f8c26f3c3a9192fd87e6501c26c04,619fb6eab51032b3a750298262ab5a208900fa66fd59e9d9bc8aa12aacf30fdf
375fe3b60a99342752cd7db6d75dee991a85ee6098024d0a7b40e3e851660193,c02e8dc9a1d8a6da721e7b6c4dd5d99cec0214013e7fb96fd0154dc4537de601
ff63472b842684908ca432ef0d0564bdf17a195d0f13eeeb18d0f19d28bd5101,dfcb6f9d655f11137d5a9f10e5b208136d57823c07a1f76a7657cefc3f2344a7
a7bb71a3c6ce94d9f0159f93ff0e1917eebb4fd29107b071ebc69f145e74c7fd,3df3b882dec987eab4927eb6c47e9bcdc40150cd5a7d984ff9946d54c608c321
6d8551cc84f37e6923c2957e538411030f6ea09252386a34590b9456ab84f114,a9e7b4947705927cc375a5deac87ed823d98886c8c357ab16af9e3611801ee85
b311991be189e8fbd1a120417b2c31d17026f6b903e85e8396e7bbff8713be24,47d104bc553869877be03d2504d8225b87bc07e7cbe0778d0f5d585192257b76
a7bb71a3c6ce94d9f0159f93ff0e1917eebb4fd29107b071ebc69f145e74c7fd,3ce5b758134c7f9e6f115a9e000223133e193891156c9bd22b43e7092a8d39da
6d8551cc84f37e6923c2957e538411030f6ea09252386a34590b9456ab84f114,fda162d893ee33290402cb74194aef20e4e9b680d277020aa91a3418285356ce
1e52404bc65356d65a0d3090dcf048aa53a76e738b88c3a79cb026e6554b4d76,12a7ca2254f6355fd3111a89f9f5cbfa7b665fde8147211babf9c09428bc19d6
c566a30616de21a140df36a02c86798f71b3533430c3060749b449486c8f2dce,654cb62cd4713165a37cc729acba8aadd0cde522a160d7407eaac09b26ff4de2
b9475de5915148892ed2ddb2ff07c9118ebd7addebd80273e6e137c2a0e1ba6e,ca2302b1623c7ee3b51d2faa50aa2aa88931711b06e4cc4d7a6de4014b552ff7
c7f7deace6b2f54a711d30e6eca022d533e5ed0b776aa99ad73891b80ed22afd,01eeab20c9947868af2ff3020872153c00995002ead61eb3b68408a1312ff8c3
3a4e2ec55e5cf7783a7fb32b523f7d1f0280df32132cb044ff4344727b10815c,313b50474be57b8355dbebfe8e3d7ec45ac870976d2205894935ad008bb0958d
fd91439883fe89eb61326f33a4e870503da3edee464aec2e7de0f2bf88a4e857,5cdb1355258045b4b586971f87e46bcc48d2d387ddfd7de158046fd10a04a03e
79aa4225e90e6b4c55a45b365792e28f1a242901f51ecbc456a7901fe20b048a,94f9d66cf10b3d781f6fb46d775c32749560c03d9ecbda18d2fe35c5d2bbc041
afa7904ca2adb104c9603a51ae357dd57c1419dca598dd009ccf244af7ce6eae,474980035e23633f7036e6bc1bc22f220e743934560d9fbf297ab90f10c82494
b280bee9123796e0cfa0c24eda87c831f7eb21333d96aeb0037f6be428dff3cc,9ab30b8cd5a96f7428091113b3ca5be2db5d0f70babb72e724071ddf9b7702fa
3e0e46215233d79c4562eff1a97e51b97011d73d2c41f073aa0f6e82e4a092ea,06709abcbae866600382fa348c5efc88841ace3b610e2602bd24749ec0c701ba
375fe3b60a99342752cd7db6d75dee991a85ee6098024d0a7b40e3e851660193,67ffdba7adbb41bdba13d7de8d1bcccafcdf55ad4c104077a5c3eb3c4190470f
b877a8952ca88abf562facaa6379153b83396d810b90088514fab158d5c9b206,f75e78e19013fe5f82f62e582b4eea84393267b6f559088fe2da4e159c4f05a8
bf02f242ec196aa7f8ff88ecb6df0c93c75d7a072b6d89be0c8a73f29720afde,071d82c49763825c25a6b654e565fa602f399482b89b8745fc25912ceee90144
afa7904ca2adb104c9603a51ae357dd57c1419dca598dd009ccf244af7ce6eae,c6584cf5c6e19517d523fd985529177a7e79bd7551e0f0231f5f40273c78d863
998187c631931df238d978b27754fc1fd20aa65be2f5754ba5cec175576d3c95,7fbb6cf9c195e49d15d92a7bc40b65d469f57df0d2e1fac8a44da15d627fb4c6
a7bb71a3c6ce94d9f0159f93ff0e1917eebb4fd29107b071ebc69f145e74c7fd,25da80202ccf25a05fdd6eddac91c7f60d27d6e191c04523d1889bd8274c9c59
c7f7deace6b2f54a711d30e6eca022d533e5ed0b776aa99ad73891b80ed22afd,67ff2b49d78f0b475b501d9a260f3f1b1d0c79a234dd4676bc7b9c1acdc88837
b9475de5915148892ed2ddb2ff07c9118ebd7addebd80273e6e137c2a0e1ba6e,1d942b207461d0c18bb02baaa0ae96aaa8536cfb64aaf2c74efe30b40bf4acd8
e1dea1f7806b309ab41e8184f504082ed7a48ecee11799d88ac975fbaacbae8a,db65b634f13d1de5426a9d5e8906003210a3faf2c8d229c326901174f27a96e2
a7bb71a3c6ce94d9f0159f93ff0e1917eebb4fd29107b071ebc69f145e74c7fd,01612c45c08d49f67308dac915c3119d8f8c1b470a7a26bd3861d8f907a2f6b6
375fe3b60a99342752cd7db6d75dee991a85ee6098024d0a7b40e3e851660193,619f7fa38820fa2249404e117bcafa185a8157b536e55d6f6b90572281c43157
375fe3b60a99342752cd7db6d75dee991a85ee6098024d0a7b40e3e851660193,6f06e219436b00aab7daf4faa9f0b2aa66a6435d4eeb85cc7c1846f5370008bf
afa7904ca2adb104c9603a51ae357dd57c1419dca598dd009ccf244af7ce6eae,e80638ea3047c9c1322afa15990b9de4cb5c6a45744483ebba72861320aefa3b
648a6e41468932992e6fbc137f49806cbd9f1ce8b35a9783c0cf8c55a0b6a1d9,4933bed156b3d586b5b6d235cf853030814672f3885edf8fd773d4b170fcaae8
b9475de5915148892ed2ddb2ff07c9118ebd7addebd80273e6e137c2a0e1ba6e,67fde54d7947cdb46ae0c774d531482f9fb0a868f2f52c3a5816d0075d385641
f627b20c5b5480ada0f0f41827f9d8aa972c5d2048cb94293af967adf6f708bb,4ec87f11005738ab48e6f3e7e8ff113acb2980a94a5007698c89b5aa7801e014
b7cff9d26362623eea214b7f57613760548436d4e9d3ead35d4d1afcd2f22135,bf1fcd534631493a9d24b955a25b50201af70ca5bd9d4e85031b23dd2de75315
afa7904ca2adb104c9603a51ae357dd57c1419dca598dd009ccf244af7ce6eae,3dc3cc981dd63794472fc4d09f4f2f43173f5c623dcfea484524b2198e3eea6f
8d6f6b32b3d3d9e8d0c892270963413ec4fe2578ed0f2e3137b35b7c6c3b3df9,cbd66216a7ed22766b2509a63476f28a0bc514637e5e005e50d43aef3d10157b
141a4a0356736161f52caccc09184f9138923a786546dec732e2854272b1cae3,78bc43b260020f78d4d007ffbb82de95924bb61018957bc4a16cdac32ecef27c
3bb2f7822a4ae9d352f2c261fc5cc906773b4fc3b2aebd58c5895880d104dcd8,2777007bb40d9ec50ce3779bdd3996d30754033ca1c20b65fa8310ed27a3a232
eb371248a37142f9962c55b52060421f39f7948de49eb31221eec7bcb3ba8ad9,09602f480bf8d035e5f2d87f329af6e83519d8b4c2141a2b023a3c5fe61dc06e
b280bee9123796e0cfa0c24eda87c831f7eb21333d96aeb0037f6be428dff3cc,9b057a5358337c2f8d0cfd1d7512df738be9715159695be051416ad530e949a9
c87c15427482baedd23457b27dd570e065dfe6c27d4daf988068c38df33ef831,1e861b584c50cb685b13bab6661946d69c0a666113dbe9a414dbb3c7c51316c5
6d8551cc84f37e6923c2957e538411030f6ea09252386a34590b9456ab84f114,f6a5a90c986eb9df9d15223fb2bcb6b67a3043a61e088afa3ef19354fc513eb0
dadfde75b9a03a555acab59f97f1461cbff2c016dab677dcc5f24e34d07d2722,79a97090860fb82cc47d848ef0ad5acc1d7fd8e54097051d848a2f10ed9b3c4e
3e0e46215233d79c4562eff1a97e51b97011d73d2c41f073aa0f6e82e4a092ea,a0c1be72c5f8f15abb03f3e0592dcb19285a4581ab22a5d4a843d6c7ac1ea634
f4c86f9a1dc7590d737bf98270f060df5734d46a25fbd32ea17acd5c732e9838,04eff6323e0bd1b4e5a6f44f97bcf5196d7453839df7bbfcf1cd73ca8959060d
1b04bf550116470468aed5e796c0f83d95e7d494284ec3cbffc79482a5b0b94b,4ff5dd8b04c3378a99fd8f13836eeef8488829c68e82112301e4a484da0737e2
afa7904ca2adb104c9603a51ae357dd57c1419dca598dd009ccf244af7ce6eae,431df9dd108000352849bd3b80d0ed734a4b72ebcc5c8fa3f8d0dd4613100685
b9475de5915148892ed2ddb2ff07c9118ebd7addebd80273e6e137c2a0e1ba6e,6b9c8bc8ee1da2cf37576b00637b261361c990b39d044c75fab8a6ae75008a94
b9475de5915148892ed2ddb2ff07c9118ebd7addebd80273e6e137c2a0e1ba6e,613892e7739bbaef439ec6730ac4ce07b03ba9d03a1ed26a033e4ed5448df844
48e27e2b1eba9e238259a17463417a81bf8f5c38c83caabf0c2cdd022f017ee2,caeac742f47d7617fea237c38c240882f88545651893b7acaae2f471519159cb
b9475de5915148892ed2ddb2ff07c9118ebd7addebd80273e6e137c2a0e1ba6e,93de555df914be2770def13c0fbc60bdd6d1369680dadae5d0bb10f587431a62
c566a30616de21a140df36a02c86798f71b3533430c3060749b449486c8f2dce,9a25550a5806b4b7849f28bc40698f5ba5bedd73d1628c5ec8567f6fae592d05
e950d9ca75687af7e7c110e5251aa9cce6b1c469bfc566849b9a2f29bffab69f,487c7060ab01290700fd68dc3dbb155fa2a6d8eabd73587493777ddaa18694e2
ac1ef2e418b38ef628f2dd9b2ae25c8a9d838f9a0db0ef907b2d76406e67dc15,f4811ce3b4edb2c8010401a43e2b394869ced94262d7246075285594974e24b1
b9475de5915148892ed2ddb2ff07c9118ebd7addebd80273e6e137c2a0e1ba6e,6adbd8af6def48101c6a1760494016ac0d000d4eb4111b74177d05adc031b8f7
2738fc0d21ceb6402d7e73ea4fc1f0c397f56a883c5c0f763e42d2d599ff7b13,037c334918bd0988cc39d71d413ef7358546081f72ef6a6a99e4e4b6458def7a
c566a30616de21a140df36a02c86798f71b3533430c3060749b449486c8f2dce,6788c7f44ac369c74b1aa715a546f0a432b03091b60bb3f9574f72e982719325
b9475de5915148892ed2ddb2ff07c9118ebd7addebd80273e6e137c2a0e1ba6e,4e1f6351e68c28e731a80df143119845976c7708b5fa8f2a8794088bc51ff73a
b280bee9123796e0cfa0c24eda87c831f7eb21333d96aeb0037f6be428dff3cc,afeeb63ee499c4159ea4de12ea86d94ad05b13bfff01e58f9104f581f5cfa344
5c468b911a8de3dc18f652a64464d576b88077dc453a5c2ca5db93c26b82c539,c9475a80acb41874c4e087e04889097fc1eb15f9d69acbd9148e5905924408d7
a7bb71a3c6ce94d9f0159f93ff0e1917eebb4fd29107b071ebc69f145e74c7fd,a080039e6a01ac239e69654595402748c3486421e7d00b0f745574257f910c7e
afa7904ca2adb104c9603a51ae357dd57c1419dca598dd009ccf244af7ce6eae,6387d74e8573fa74bc078c26079874305f93ebe2bb82a59f1b9627c7c9b5c434
84f083007f6fba2b1bffcb57ffb5c57107a077775926c021cf6e79d6529e4b20,ca68fdcb653033494c23200afd5b650e642250dceeaf3f4956967e55f5b4cea5
b7cff9d26362623eea214b7f57613760548436d4e9d3ead35d4d1afcd2f22135,8b6392d1fe4715cffa78340ff8a3ba14a65b90fdcc855e600cd6f0602330ed66
375fe3b60a99342752cd7db6d75dee991a85ee6098024d0a7b40e3e851660193,bb2f5158a60b488ee2e92ccf5b864bfd22c5cfc1fbd1398506baf89229436b51
a7bb71a3c6ce94d9f0159f93ff0e1917eebb4fd29107b071ebc69f145e74c7fd,5ca6c5632c23050b3da160b8f65ca9a297682dca8378c30ee047d75ff4f42b34
a7bb71a3c6ce94d9f0159f93ff0e1917eebb4fd29107b071ebc69f145e74c7fd,4accf1d0fa052c9073e0f3b34834116222664667ad40c3f517874479367de232
a7bb71a3c6ce94d9f0159f93ff0e1917eebb4fd29107b071ebc69f145e74c7fd,320ccc9c0273e1f3c5fbadfdea5f520b70608920605cc93c29d6f42e637f8a1b
afa7904ca2adb104c9603a51ae357dd57c1419dca598dd009ccf244af7ce6eae,ed3ff57d4b4e66362b1bab84f90b67fe120cdb31aab81d831d32e0b55f57bec6
8d6f6b32b3d3d9e8d0c892270963413ec4fe2578ed0f2e3137b35b7c6c3b3df9,96d9f0d5d73cc6a4aa7509a12095bfeb9821463d627c41eeb4557c8b30807d37
afa7904ca2adb104c9603a51ae357dd57c1419dca598dd009ccf244af7ce6eae,7e98c225f8e7c385f3c6e20664db38bd7cfdbf1a7a9d48442e5010051c0977f8
76dc7cecbfbfda9a75616454c1d4f9cf543e81e5198a5ddbe6a54d1a352ee682,b13b29a7f3b646344566641b8ed057095f529507987a358610964b6b15ca38aa
b280bee9123796e0cfa0c24eda87c831f7eb21333d96aeb0037f6be428dff3cc,6301315eaadb3de2cac54b6d7b6b5b7bde12574518a2430769962b42f7029f60
b280bee9123796e0cfa0c24eda87c831f7eb21333d96aeb0037f6be428dff3cc,947eb2dfedc6b92e784a64811710c34b60d434a2d839190ad58907659052b5ba
6d8551cc84f37e6923c2957e538411030f6ea09252386a34590b9456ab84f114,b0f01839bbd88756f0d81bbfca382f3144799b62c2d35c2d8276c1e545b4fb00
6d8551cc84f37e6923c2957e538411030f6ea09252386a34590b9456ab84f114,868691c44d6de8ff978431855b604125bfa1e076ad3e986fb38364da2663db86
2d6cec0ac9e7cf4ed6512fc6abab156aa9d106430f8b14076d04a05b3690cc93,b0c545113ad17342dfb6baa96d505c347260222c161ca6666638fa96a425a8aa
2c17cc5e6ecb873e8b293ba9ed8de5b80d8b8aae2c1fbcc9bbe2e95864468868,46cc59f48022715aacfc00ce71a5c67931ee1c83730ac6837216ec43ad495de3
ff63472b842684908ca432ef0d0564bdf17a195d0f13eeeb18d0f19d28bd5101,e2d93b44e6eff3c900c691a276cf1a4815bd51fb7f86cc2adc1b37abf5c7d1db
b280bee9123796e0cfa0c24eda87c831f7eb21333d96aeb0037f6be428dff3cc,081177d260c305fb18b9a290266384c422f5b6b626570154e2ed539174b00c13
c7f7deace6b2f54a711d30e6eca022d533e5ed0b776aa99ad73891b80ed22afd,35129a499224b9cd636fb37824f357b17cee1850d767ae29362bcd976f0a018e
e6a898d5facae9593779d6dfd1736bfedbf1336018f46338a83f29a545f33451,17fb12d3cf64722380e37963838d124b6b7cb4dd997254e23baf51dc0fb4b576
c87c15427482baedd23457b27dd570e065dfe6c27d4daf988068c38df33ef831,812a3e430a9c4e4d9973ea64da65162ad3be7ce0e66fad254e18838d47ef0fed
2d6cec0ac9e7cf4ed6512fc6abab156aa9d106430f8b14076d04a05b3690cc93,aa255697326d96e432af2d7a9014ce60008f62c2e340af1843ad2d5a5039160b
3a4e2ec55e5cf7783a7fb32b523f7d1f0280df32132cb044ff4344727b10815c,361bdac575ab9c7cfca22f9208b1c8fc95c505cd86d8e6ff823db2b5b4d2fed9
375fe3b60a99342752cd7db6d75dee991a85ee6098024d0a7b40e3e851660193,375ea4f900b7cf01cab073eb715b48adff788b6b2cb6f1e6b458573e81669e5d
a7bb71a3c6ce94d9f0159f93ff0e1917eebb4fd29107b071ebc69f145e74c7fd,0c453700260d796de0e092fbf89d0d48b2a5e34a7fece72747912f6e41af166a
5468b20ee6e2b46865ae92b310e86c4d336203ef68bc8eff83cac644fe4e976d,b6a660fd84b6efd1ee424bf2b36e2099c2e55308f66a8a5f4853e22009467b12
436d3442157be313c5f1180ff24b3bb4505c87ccfa91c0e4d77f1a680b893853,e9faa459e527c33c4fcb28c37f2d9f11486e1ea1f7321dd21522862bed72f6af
b280bee9123796e0cfa0c24eda87c831f7eb21333d96aeb0037f6be428dff3cc,e72e00d3a6fab18343d50129cbc37b5ad0623a8ca9252806243e446348612207
8c7d35cbaf50bab10ac20b0c6d020ab828e1f660f1fe5ad013a67cc5643062d5,3c507c33ce78baf3e60e0310bbc886a0a81cf5fbe3785b45670b6e82dd32d9e5
c7f7deace6b2f54a711d30e6eca022d533e5ed0b776aa99ad73891b80ed22afd,eab5ae78ace37846780b6d85230f635ec407e4323ee7546422d1418ec7c430ea
3a4e2ec55e5cf7783a7fb32b523f7d1f0280df32132cb044ff4344727b10815c,e9d3c0f277fd1782c59de956b4c10ef6020764979edaf59abe22b7086b347fd9
c566a30616de21a140df36a02c86798f71b3533430c3060749b449486c8f2dce,68fddfb2e44941a3dc80c3d9f565f6b2992c2a277521334fd20a5ca01c6a6e2c
b280bee9123796e0cfa0c24eda87c831f7eb21333d96aeb0037f6be428dff3cc,c07cdc7dee33e723b9858d3e31948b8b921436a6fda915550372d259724a4fa3
e80d6565ed519606d0747612f8e59579d3983484be0ef6449a07b776d8b5135e,e8e750a2fb9c66138562052bc67fe92c8d33acfe68c631b7693190a7cd384dfd
d6528154fb55f54f7a1e50f2d1f9eb034a4104c84b39e63b797f8e4cf1616568,ef885085c769362ab6eb5bf18ffed8cf8722b270aee3be966f9f731b4c6d6f58
70504b4a59ee0b304188263b09f7e3f4ab596959e84635899073f835710edb02,e720429d97c9b49bcca35fe96514f9c3d0ad9cdde0753abdef6593b1d3dc2181
b280bee9123796e0cfa0c24eda87c831f7eb21333d96aeb0037f6be428dff3cc,7e21feb578505c60a840e9e10a8cd2aa2f1f939788f20b9ad468a2becc993558
dadfde75b9a03a555acab59f97f1461cbff2c016dab677dcc5f24e34d07d2722,a9c3496f850fe38923ea30b4e45d14dd3081cf971e4e4b9d0dc69bffce5610c3
9c3e51831284cc259b193f406f8a6b99619df4784bbb8346b01707bc98105d57,77e5789c6b5938474b12686f0e113ea273f39178185cad8aa4b610a6c56d605b
79aa4225e90e6b4c55a45b365792e28f1a242901f51ecbc456a7901fe20b048a,44e92614313fdae6976e5f6438d407df5311bc872efb28417ac4edfceeb585ec
2d6cec0ac9e7cf4ed6512fc6abab156aa9d106430f8b14076d04a05b3690cc93,04e518688c3f8f84c42d46af0bedacf97358d3113f87b78cce20dd16aecb8617
a7bb71a3c6ce94d9f0159f93ff0e1917eebb4fd29107b071ebc69f145e74c7fd,822635eed3d37782a35037a9fddeea09eb920bd4b4e1092eaa15b10e6ab8779c
c87c15427482baedd23457b27dd570e065dfe6c27d4daf988068c38df33ef831,9cc4286ce10b92020a25bcc48e0f6f3a2ab150442acfdc1a938b06c87f70b01a
afa7904ca2adb104c9603a51ae357dd57c1419dca598dd009ccf244af7ce6eae,7479d9de714020c00c7b8ae2473f4ffc0406515dfc49a831c6068f49f5dd77ad
afa7904ca2adb104c9603a51ae357dd57c1419dca598dd009ccf244af7ce6eae,41d43407c20448ed336e1b498e189d1ee0f51b76eaa21d8a0228dcd5ed3c7bd0
48e27e2b1eba9e238259a17463417a81bf8f5c38c83caabf0c2cdd022f017ee2,4e5cea22cd506cfa6ef6014f8529d80fcf77959b90ba6f1cad32b6497935edc1
a7bb71a3c6ce94d9f0159f93ff0e1917eebb4fd29107b071ebc69f145e74c7fd,58c7e0b18cc19bab901e4ce299e91a9a0153c9e0e2f57031597008dbc8ede5b5
afa7904ca2adb104c9603a51ae357dd57c1419dca598dd009ccf244af7ce6eae,f912fbfc52725df29f499745476d76b8649a64aa3bb48fa0331fd04625167ebe
5a8e0d40069a37e30efd23a1ba285d9e287d5b751f91d4f7685231abc1243223,18db60926e374043d10b9deada55ac8774d4e7265ca2ebfc1bb86c973f2407d6
bf02f242ec196aa7f8ff88ecb6df0c93c75d7a072b6d89be0c8a73f29720afde,c58b21aebe6f28a4e966879881194404d496495b373c114a7b494003fb450316
a7bb71a3c6ce94d9f0159f93ff0e1917eebb4fd29107b071ebc69f145e74c7fd,3dbf3a5806ccc50e8d83635bc38cc68073d89b009ba750dbbee11fd8fc6398aa
375fe3b60a99342752cd7db6d75dee991a85ee6098024d0a7b40e3e851660193,2a4e74a85f2c36135bad6f6ca2ee32b474f34489cdbf322c9daea9f48b5bdc8b
1f5aa27f1bcae2314e79a18b7c8711cb03e5f4e1fd1e278c8a4240f144a43f00,49f48a463d88ee571254b83bdbc0261c3a6ff73b6ffd918debc1786ed6f3e405
8d6f6b32b3d3d9e8d0c892270963413ec4fe2578ed0f2e3137b35b7c6c3b3df9,266ac76b0898d5e43782c67edbe4b156dad608018c2cc92a65a05524ad9ad164
375fe3b60a99342752cd7db6d75dee991a85ee6098024d0a7b40e3e851660193,efc00d37c767bea0c58a077a7dc44992a98e706d65bbe45f111c46a864961603
5ce445ea11af7a3c68787ef4385844ac13ad778ebdf351b0cd14c48f90759024,30bc8fa07759d3a7d88886e5607141b97c56cd4c3c81d7df1e8fe5d00b38aa0e
afa7904ca2adb104c9603a51ae357dd57c1419dca598dd009ccf244af7ce6eae,765464e88500dbf5480d870c9361914e11d2ecddd9dd72faa1007aecfd2f8230
8c144014c3102c427cea913f0930afb0cbf63c0c747596d42b7998780058f314,b64218d6b96b512e6de6faaaaf5f96365d8fd8234205a67d9f6c7733f4db700d
afa7904ca2adb104c9603a51ae357dd57c1419dca598dd009ccf244af7ce6eae,72f8e7844f510d90d90547d217398a6e8b05d4bb0fe7a9a4a8ffc4276434fb7f
2835e12878e59cabfbdea65bae5757203de1fb65842337630d627b98d24c43e7,227afa4065db08aa6e45dbb8ce8807c04ac434fd7ef9d93fe447c21b62bf6dd7
afa7904ca2adb104c9603a51ae357dd57c1419dca598dd009ccf244af7ce6eae,3e6a32d19469bd7b9c0b7d905ff4b21cf13c51b3aa7f4e449a27ce01fec7e780
1d6551ceff12cf93ca0c6a4e3704eb68d35b7fd1ca393583e0cc276a1957751b,bf2d18ca081b815c8c9aba89f0556e8110b3244720cbf6c0e76d5fde2fd8b83c
607434226c35f8bf16edb7ae2e7c61ebb514dbc567d7546865c15653038a6e75,3347edc574dbdf0ca5a4a18ce4a2e2f8d7814695545a3f5b68cc6d50e4864c51
0a1a6954417abc3e9f29959373e1630cc52a5fab5a91837d3fc92be512fd5645,5adbb265f504c175627b00ff5a7c17ef138f878529da300d5e8a2f593895f1ea
197be10a93eebb3dfa8eedab945e431a62331597191ccb5c9205e59600e16095,2f96302857605a8335392d62e3c9f16e74f3a89a7d5cd08d75f778131c7c96f5
ff63472b842684908ca432ef0d0564bdf17a195d0f13eeeb18d0f19d28bd5101,b52a01b795c095f58c99e086d63a6b764d960c05bd8c7e348338feb1d2ada6cf
9f02670b9dc9b7aa0d8702ef4a4f6fb7568f8c26f3c3a9192fd87e6501c26c04,e4cbc60a194493eda0cb1f56d72bc8a0e23d9be558e8f1b114a445c28a55b877
c4d0ea79a8f99ecd480328fad43e5d8455780318d2b88126241f18383cfc0eb2,5e14d7b852412a5b450ecd153f2525b6f86cee95950f15ecce3cae96340b4e96
3e0e46215233d79c4562eff1a97e51b97011d73d2c41f073aa0f6e82e4a092ea,1263c4a5f6c3097e947376fa250548b6642ca189acbca19dd1189ecd5eec099e
9b5fdff834345fc823b34ee853fabfad6269f6c21bd232a7a115d45085120d12,413f82d8e640140a2916a7abc4d5e97966a218f79e578f3643a9928d77cc2e7a
375fe3b60a99342752cd7db6d75dee991a85ee6098024d0a7b40e3e851660193,46ed27eeaa2a30bab0e4a57fe9ac81455569e062d086304fbf77fd7c54293943
2850e79f95527e98f13aa2db2384dec13a4ead1cf046aee7847490f4941176fc,0a5a25a19c158ba7f0d2ebcc389b3cfc24cdab05659d4e497201e41d93d4c90d
b877a8952ca88abf562facaa6379153b83396d810b90088514fab158d5c9b206,bcd342867bbb4dda66554458a24d2e5584880f4f66630ce55785ce80c6d874ed
6d8551cc84f37e6923c2957e538411030f6ea09252386a34590b9456ab84f114,e52a0c36ab8b1367bf6ffc4eb15f3d614ad2aef3f62a415bfabc3836206a5a79
a7bb71a3c6ce94d9f0159f93ff0e1917eebb4fd29107b071ebc69f145e74c7fd,b31a36fe300016efd716fd266a0c08af54fd15f3abd6d81bd73b6d441d4ccde9
6d8551cc84f37e6923c2957e538411030f6ea09252386a34590b9456ab84f114,65482dee8847435b68288c859bb62d9c1271999ded52d62c51e8afc3e782b286
a7bb71a3c6ce94d9f0159f93ff0e1917eebb4fd29107b071ebc69f145e74c7fd,5cad245ed778935833883e0d35bb383a2d3624d39137ad7bd63f3d120bf45a37
92b5036892d79b2a131b8eb273f4f4e4c62bf88890e8de8cf02a745b4667b1e5,034f29c3cb25a0eeb085fd3d5e56346ce764911726cfcf25414be25530f703b7
a7bb71a3c6ce94d9f0159f93ff0e1917eebb4fd29107b071ebc69f145e74c7fd,01de8ef303a5b5982205d73f09cadcd117cf9a5c41d27c10381d4bebe1d122fb
ff63472b842684908ca432ef0d0564bdf17a195d0f13eeeb18d0f19d28bd5101,3eb4e0130b3c5f16567d01aa46b1d607c03b5b1f008cd08f34aee507819a08e6
8e5ad7f203c38d081100d1d5ee191171d7cc5448dcf7c4d17104ed6b7fb8529b,48385eb4fa5194878e4f604d945c6333cee2b0e3e9d7c5fdcf8d44345be700cb
6d8551cc84f37e6923c2957e538411030f6ea09252386a34590b9456ab84f114,059be97518041a7946f8a402be99da069565879ccd932817080e6b6fac4416f4
afa7904ca2adb104c9603a51ae357dd57c1419dca598dd009ccf244af7ce6eae,22712a3891309c14c30d8751bcadbeba468cb57c77abae02f6734b42ae0f73a6
3a4e2ec55e5cf7783a7fb32b523f7d1f0280df32132cb044ff4344727b10815c,44d1001fc0c60a8b5b7ba91b9135db2509caf4240efbd3bbacbdef5540cac28e
a7bb71a3c6ce94d9f0159f93ff0e1917eebb4fd29107b071ebc69f145e74c7fd,4889927c23ac7319bdffd715dc5f85561e4d99676ac04f692ce9428f0a3cb28b
375fe3b60a99342752cd7db6d75dee991a85ee6098024d0a7b40e3e851660193,cb9e670d38ca7aed8cbbf970385ae86147153c9a1e4abb0ec7c6058d5508966b
c6b7f5e5f2c882615e1f007a8b6d5335e1195bf3fd82344b708de34d2baba01f,5d5d98c8dc59ab2368ee5ea605d6b82790b1b6dacac11fbfc752013460300a14
a7bb71a3c6ce94d9f0159f93ff0e1917eebb4fd29107b071ebc69f145e74c7fd,bb1550f4cb1643813f607e6afc922b757bbc758267b986328867c822e388c192
0a1a6954417abc3e9f29959373e1630cc52a5fab5a91837d3fc92be512fd5645,cd53516f81a41cdf4cff3f7a823986e9d46dc39bde221cae24f75d92a80efca1
5bcd74976c371077ebfdb34185f1428915ba1c3d8b374b3b65838b9fe4b30c55,6c9aa96dcfe6c3dc487cb065e940e6b3a0a840752c210305670001c502d5b524
bf02f242ec196aa7f8ff88ecb6df0c93c75d7a072b6d89be0c8a73f29720afde,d304ead999151813c552a9cedf69501c02d449cfd10c689067e9857c3eb82937
8d6f6b32b3d3d9e8d0c892270963413ec4fe2578ed0f2e3137b35b7c6c3b3df9,0b8c67f519c3ca738e6a8f9b4f8957fe2e13592e9c82edc0b32df1e6ef8b245e
b280bee9123796e0cfa0c24eda87c831f7eb21333d96aeb0037f6be428dff3cc,01c11e60fa0203a32e339c68ee8fb31846775dbb9904da456f589b366a80bacc
2d6cec0ac9e7cf4ed6512fc6abab156aa9d106430f8b14076d04a05b3690cc93,00f7f5ae8950c3eef4318dc096bc552982d716ea5ccc8bd296194573f02f3c8d
b280bee9123796e0cfa0c24eda87c831f7eb21333d96aeb0037f6be428dff3cc,abc9d3adfc9f219791a0b3b8ebf28b1bcd272bc69e547e1903d1691dde277acb
48e27e2b1eba9e238259a17463417a81bf8f5c38c83caabf0c2cdd022f017ee2,d6cd9c4eb8505a9865feca8bd3cbf5271179613f8bb61842c92bc1e7f06c54d8
375fe3b60a99342752cd7db6d75dee991a85ee6098024d0a7b40e3e851660193,fc118ae9354a2c3dc87a0412903a3b8ebe7e887e23ca189231952fdaa67e11b4
afa7904ca2adb104c9603a51ae357dd57c1419dca598dd009ccf244af7ce6eae,fef69649aba1f9d07c2f78cee9dc69630e2f8abb0d3bb3b6b6bc9a66a5b3afa8
6d8551cc84f37e6923c2957e538411030f6ea09252386a34590b9456ab84f114,a791be65c5a7615f5b1c1bbfd856d97b785455db818ac6c108b8cc7b86a5f568
a7bb71a3c6ce94d9f0159f93ff0e1917eebb4fd29107b071ebc69f145e74c7fd,3b3d69ef3278014cc017f3b6f8457a6d3d7629bf02f83d9bcd2d530556458067
afa7904ca2adb104c9603a51ae357dd57c1419dca598dd009ccf244af7ce6eae,baa85e4d043d39e46331eb9cd61e0ddb398e7eeaff304e40a9a977a54a4ce38e
afa7904ca2adb104c9603a51ae357dd57c1419dca598dd009ccf244af7ce6eae,3b3f6ff65aa22cf9e6e496d75101034d08f8c9222557b39b07f6beb585985958
8e5ad7f203c38d081100d1d5ee191171d7cc5448dcf7c4d17104ed6b7fb8529b,a587b8bb70195ffffd5cd75479bd24615eb75e4001e1a5acd46cb9d4609fbae0
6d8551cc84f37e6923c2957e538411030f6ea09252386a34590b9456ab84f114,16c3f7b37c40d006866f65dad7ffec5e4e6aee4242dfa1b2b47d40cae06a2c54
afa7904ca2adb104c9603a51ae357dd57c1419dca598dd009ccf244af7ce6eae,f2960e1ac5e25cef96ae6e4341899d958d68db54511c5a70d647166e6129714a
dadfde75b9a03a555acab59f97f1461cbff2c016dab677dcc5f24e34d07d2722,2651379ca40f14c9534bc9efda43afc82332557855c0d8274d6dd210c3f91393
2d35a88fe14db4df2b19189131c3c79bdbf2663ab3c45f1e8bc367b653ca411d,4665eede98717b5e5f0ce8e2bf6edb8fdde957b1d8dae8582adbe962a11f82c7
b877a8952ca88abf562facaa6379153b83396d810b90088514fab158d5c9b206,2efc50f03c22ee500c9bc3993790a022e8688f719c342bbe8f4ddaecf34a5396
1f5aa27f1bcae2314e79a18b7c8711cb03e5f4e1fd1e278c8a4240f144a43f00,8ce1ed286319924359f85acb5cc0957489fad1e8ac6b6979665dfd28d6c2134f
648a6e41468932992e6fbc137f49806cbd9f1ce8b35a9783c0cf8c55a0b6a1d9,1e034c8063e00b0f2219c6b87c65876c31a2ca12f93fefa1a04bf0bcd2d34ab7
b9475de5915148892ed2ddb2ff07c9118ebd7addebd80273e6e137c2a0e1ba6e,6e78bdbc3848e3029a9783dab3e3cf2c9338a76fab0bb1c69a9771e249bd4815
c566a30616de21a140df36a02c86798f71b3533430c3060749b449486c8f2dce,309f9f32b1f4640b2b74ca6dbf947f735775e04776336c98fa9311fb3de85248
afa7904ca2adb104c9603a51ae357dd57c1419dca598dd009ccf244af7ce6eae,5fd274f545d9bff713da81e42a5504852819da6d5df107187549643beb31f703
c07076c346a7d99ee50fb5912e8b7b0d333d1924e861bd5fd26028f5099a9790,5ca1f7a9978b401d1fc4380325c83fa95dc32017233e2e1aecc0f061014071de
afa7904ca2adb104c9603a51ae357dd57c1419dca598dd009ccf244af7ce6eae,8e28c93277542cd98bb9854e26a54e1320b4e21bf42cc484be7740f4cee9597f
b5770cb509da72b451fe79ca18d25989d95a276d4189f91426ee82525a3607a8,f7cfaf55d8b8beeb6ffd73e3bf08b23ae8801420343a12b5762626eef51a5060
afa7904ca2adb104c9603a51ae357dd57c1419dca598dd009ccf244af7ce6eae,aef99010e675e4774d7c587b10da6872bc2fc29a32beb248dda01bedc4fdbdf1
e950d9ca75687af7e7c110e5251aa9cce6b1c469bfc566849b9a2f29bffab69f,51bd4f056c2506823be2705829df80fce91138ccaea20df930f026eae907f50d
c87c15427482baedd23457b27dd570e065dfe6c27d4daf988068c38df33ef831,651fa18b06eebd430a523a1017f3339fe7584ae9537de3c33cd7fea4c19257bd
c566a30616de21a140df36a02c86798f71b3533430c3060749b449486c8f2dce,17326fd62d1a1d04f2f17a4676d456c5f7f076382c2ad901b9f2756dd3fa0a05
2b6f52c11c878d5c2eb1585160803a8b25384d6626cbe1ab5459834d0ab25e95,4e06cde85e6348858b3953c413adac3e20ae23487979a40544a9ca5c09367238
1f5aa27f1bcae2314e79a18b7c8711cb03e5f4e1fd1e278c8a4240f144a43f00,99fe16cf6bf04e770233bc3dfaf1025be52c9200a18a1532cdb3da5aa0f615d6
8c7d35cbaf50bab10ac20b0c6d020ab828e1f660f1fe5ad013a67cc5643062d5,60889f206becb9207202f3481798cd4d6bb127ebd68ede7f31c2e8a3fbfd348c
dadfde75b9a03a555acab59f97f1461cbff2c016dab677dcc5f24e34d07d2722,93444044204854d5cccf27c1c3f00be9b089193dcefa08e197119a853c12c68d
6d8551cc84f37e6923c2957e538411030f6ea09252386a34590b9456ab84f114,cea91d94db5a27f20c4cacd39a084f059f0138b7afed2454a5250b3b0b4e6d81
2d6cec0ac9e7cf4ed6512fc6abab156aa9d106430f8b14076d04a05b3690cc93,ec171a6115f879c7113d2591b3160644eaf9f3651774ed80a8c96597c3358317
1f5aa27f1bcae2314e79a18b7c8711cb03e5f4e1fd1e278c8a4240f144a43f00,c725b9f6232fa24a940e9bc173691e9f7fb9c9b66223eb29ea26a0b05214aba1
5468b20ee6e2b46865ae92b310e86c4d336203ef68bc8eff83cac644fe4e976d,e5bb1492a3aea3aeb9f1d9235fc802c5fd34a8834555f2185fef76bbb74fff80
afa7904ca2adb104c9603a51ae357dd57c1419dca598dd009ccf244af7ce6eae,3f6200c54a3135d9f80b99fa5ecc9ae7831d2ce76ac01dcd2f6ce8c8ef90afa3
c04587e6774a6941d31f3d91ff2bb57b2dd69af567ac4d194cad2ba1942af1e6,1bd949e56c55a5b0d1cd71ee8476a269457f7629532b8861dfc975bab515fcb1
2d6cec0ac9e7cf4ed6512fc6abab156aa9d106430f8b14076d04a05b3690cc93,acae164faae4dd47746b3a7682692e85645966264bd38c679bd1066d0cb45380
0199ee176358a12f60e2db2f1ee7decb716015c55fb5d5604c4697fb02436291,1ca32a1347e2f9ebfc423fc26bc8a99eeb7ba140e401440be410bf47864ef125
b7cff9d26362623eea214b7f57613760548436d4e9d3ead35d4d1afcd2f22135,15aab3009bca9c951ff4aa982f2f1dc3654caead3c58bfff7bc535817ff505a7
b9475de5915148892ed2ddb2ff07c9118ebd7addebd80273e6e137c2a0e1ba6e,1fea69f2551a902a1d5161f74bb35f47275c4b4e8520034b7642853e2c6146ca
bf02f242ec196aa7f8ff88ecb6df0c93c75d7a072b6d89be0c8a73f29720afde,9b635506cf5cd5df652126e321c59129f882b679a990db4da76081278126f152
bf02f242ec196aa7f8ff88ecb6df0c93c75d7a072b6d89be0c8a73f29720afde,b8e14086ab3e4742a5a19f4d64b01d57fc32be81fc42e97543dcb82033ae306b
5287d9a9680723b3a5aaf3bdfe9346dde720d4bdde5b128a1385a7ee4ec452ee,329129586cbed29584d5ed57a29a4d4d8ed9ff384f7e6b71f90b99ec788dc38b
375fe3b60a99342752cd7db6d75dee991a85ee6098024d0a7b40e3e851660193,a5214f67cf13a2979d531ca64a7191fe91badcd85c7cb1a9b7d13fd2b1173157
68639158e240d097d1c388c24902259890e1ed945972843ab3fd0c0b07d31a15,d86e3863b5c2141313bc4ab9a174d23636fbf4bab81a84f0b2a3abbe8e39f7a7
6d8551cc84f37e6923c2957e538411030f6ea09252386a34590b9456ab84f114,cceaa91acd989ef28bcc78c5e9518b196b441f2e775b9a1f1c83ef44d767cd0d
8e5ad7f203c38d081100d1d5ee191171d7cc5448dcf7c4d17104ed6b7fb8529b,c1aa8756f36b77da7f8b7c30c42d2d9eff9b78a03b04bc1274752e02e4a7a811
b7cff9d26362623eea214b7f57613760548436d4e9d3ead35d4d1afcd2f22135,dab7cc6f2dc6163909d0998d9b1638a8e177440e34e59fba5f732f1e1b7b3b9a
6d8551cc84f37e6923c2957e538411030f6ea09252386a34590b9456ab84f114,b3897de7bdb05a37484c1b217391c2e3de149543405b56ca9cc39b5ed2d7ca54
afa7904ca2adb104c9603a51ae357dd57c1419dca598dd009ccf244af7ce6eae,d5b3c2047a4526ab40070aa4c0007f35f93e3c0b9dbb9a92d755911eae6278ea
4c7170a8fa03d0893c0e1ca1f0752abeb781b718c69510ce4053a86c150c9900,b6fe577338327397111137be3bdfa23e657e9002fa65b57b12b8a0a3b00b9543
b7cff9d26362623eea214b7f57613760548436d4e9d3ead35d4d1afcd2f22135,f70c8f99b0903fadc746f220021b60190b6a08271c168d37f5f52966d3cee1d3
afa7904ca2adb104c9603a51ae357dd57c1419dca598dd009ccf244af7ce6eae,72e6dc7b288ddedc609ffc300ca36c9506145587d97e64b59db129636ba3011a
375fe3b60a99342752cd7db6d75dee991a85ee6098024d0a7b40e3e851660193,2be83ee16dc6db79d4ea6fe28cf81d61fadad8d2f481d16b3ac87f5fe716203e
af7ea8c0315b3b732c833159f5cbf2b638650d8723944ae8e2c22b53b3061912,fa72f588f0a1ed79c675f1b96dca4cf3a59a03f225251ec732a1cec94c4eed85
2b6f52c11c878d5c2eb1585160803a8b25384d6626cbe1ab5459834d0ab25e95,a86c04d54d0aeeba5bc50851fa37d208dbdfdb6880a50c9a7bedb56339bd6995
2cbceb750e40bcc8ed155b67773b497296afb8874abbf08a168dc9911619295e,b1a5786002479f3b91878476be21639cc6ef244a7e3b2497d27f052452c7f4cf
3e0e46215233d79c4562eff1a97e51b97011d73d2c41f073aa0f6e82e4a092ea,085486212921dc5f46cd3b9e7341fdd2c0def5308c9d0c0e15867cd21bc2e738
b280bee9123796e0cfa0c24eda87c831f7eb21333d96aeb0037f6be428dff3cc,4c188d8ce9fca84abfc656bde3ab36868fd1dc58e77c4258443c8ddd46fc738d
b9475de5915148892ed2ddb2ff07c9118ebd7addebd80273e6e137c2a0e1ba6e,9ba92ef68b946c0cab0af7fa2cf7c2074c03e782a8d944493ebe2249fd06c102
8baab708424a11af496d2599b634b38eefbe50cec9f4021e4f5adcc4fa54502f,11b81dc0c8d85c9cdb6062d2a2f49f7933b55d1f89730c48c6aacc9374b72e6b
b7cff9d26362623eea214b7f57613760548436d4e9d3ead35d4d1afcd2f22135,5740f43324a42721fc7153f6883e141064749d010935ebb43836f46461dec168
3a4e2ec55e5cf7783a7fb32b523f7d1f0280df32132cb044ff4344727b10815c,28447311db982bfebb3c072454398cfb368751a4b226d8af2a48796631fb4299
6d8551cc84f37e6923c2957e538411030f6ea09252386a34590b9456ab84f114,6aad7e4f8a8284893823c04c7c6562ac6d68025dafe14c09d559194d98256fcf
afa7904ca2adb104c9603a51ae357dd57c1419dca598dd009ccf244af7ce6eae,d4fa4339758e8ead5cb6af79dc282cfef3601deb5d246d5c39e2800a05ad38d9
4211191b673302e02a28bac25f6a594380e47ec30cb9375359e72b3adf342420,bc509ddd8bdd494306d319858c373f7db2087ae3791710c5e643deca0f85d2cf
b9475de5915148892ed2ddb2ff07c9118ebd7addebd80273e6e137c2a0e1ba6e,a624af62f95d9338a68f1b9e38435ee98bab516730bf10c291191e4797dd5055
5e0fb3d4dfa051a7dbaef061518950db014d6377c09b741d506fd7902f65f92c,1447828dd66c2348d72dffb7ec36f2ccd1506957b51e7304f28de1ce4d35e29c
e950d9ca75687af7e7c110e5251aa9cce6b1c469bfc566849b9a2f29bffab69f,47620c194e386fb1cd89c84e0288474931ba663fc5a43c92fa3dab44a8e3c0bf
1b04bf550116470468aed5e796c0f83d95e7d494284ec3cbffc79482a5b0b94b,93789bcc6f404d411974387213b3170370c6544a19d5049b70fccd6e0f3be597
afa7904ca2adb104c9603a51ae357dd57c1419dca598dd009ccf244af7ce6eae,6050fd3c012e55707867419105abbb625614b7a8aee1bbd11545f04d9d969b78
48e27e2b1eba9e238259a17463417a81bf8f5c38c83caabf0c2cdd022f017ee2,9d6019671fc23f0e79937e02662e9054dedbc2990da0720ba9720e620562ff78
afa7904ca2adb104c9603a51ae357dd57c1419dca598dd009ccf244af7ce6eae,e2b51ebaa6fd6330ab7e2ad25768db6268c4d5cf2ee284d2da4f5c3b2be415d5
c566a30616de21a140df36a02c86798f71b3533430c3060749b449486c8f2dce,ac4a65d98532e155cd98c42ca91ec9d28d7f06f6cfb1a716d15ea24fc397a579
b280bee9123796e0cfa0c24eda87c831f7eb21333d96aeb0037f6be428dff3cc,a4f7b36906a67b2e6a1d9b99ca819f7faaa978e0aeb2ea3e7f20e79a278e8e1c
b9475de5915148892ed2ddb2ff07c9118ebd7addebd80273e6e137c2a0e1ba6e,65a4ca8cfae0ee37e95f021524d76f104be4df4d853ba5a9f68ea9491216b0ba
3a4e2ec55e5cf7783a7fb32b523f7d1f0280df32132cb044ff4344727b10815c,93dc1578b53c8facb5780f42fa20511e3bed06626dc6976a75fea32f36dbeadf
7a11faec64dd1d32448ef8407572c7db1bb949e2ac01b4da8ac7f3d12ed7242b,434d12b91f9650ff28c3478a082d6493bcade5dfcfd400a584ee78d5e200e0d3
afa7904ca2adb104c9603a51ae357dd57c1419dca598dd009ccf244af7ce6eae,a9a5ea735739e324d2bef92d0e71f509243e426872781322faabece3f6b0b519
afa7904ca2adb104c9603a51ae357dd57c1419dca598dd009ccf244af7ce6eae,8c0163edab27db9ad2ea115e64bf34710671aa3ee0c15d5e994263f46a28b45e
3a4e2ec55e5cf7783a7fb32b523f7d1f0280df32132cb044ff4344727b10815c,cc0fda8fb23954bff119596f3d3f1991521076d58b58485f6a86dbd096eb40aa
a7bb71a3c6ce94d9f0159f93ff0e1917eebb4fd29107b071ebc69f145e74c7fd,a07fd4321d1029500ad36401356fdf60555ae410eead1bed75eaad882cbadeed
a7bb71a3c6ce94d9f0159f93ff0e1917eebb4fd29107b071ebc69f145e74c7fd,86b82bb31495a11e79aba6eb3b4265174cfeda78044dc1377a4dbcb2a6272082
631e0f3d9bc5f12378405955d6654d3613956e58345edc6b949e3ab69fc2e60a,ddfe31296da79ea9bf611c45036a6c80dff67d246d67e61468a5740253681cba
f4c86f9a1dc7590d737bf98270f060df5734d46a25fbd32ea17acd5c732e9838,38467945d601671fb226dafcb25a0fe31b189868479c75c08ca0bd6a2f7cc817
c87c15427482baedd23457b27dd570e065dfe6c27d4daf988068c38df33ef831,2652d6e46de4fddd78f98d41ec17d01f73894e6afe9ef1758b51c00a4a5ecd24
b0a909d2a04543084f5d176767da7777a79f1c4b09e5d9d8970827eda7c22cfc,edad0cea8f33e66ae59de6e21dafb0619069b135fa951618f0a5b7b24a370f58
03549c864ed35ef1c02f4f4263b2ca2aae53e374b277f763d5d635c9f8fc9549,5eec52e8f901dd981b4575bda30ab300385c08c69dad8d8340ec63097aae2a0c
0ab9d24cf417c305407c78fa01728f0ae0a73dc36cddc371b1ccfb39eb0c1db8,e2491fb970f564aa31d09ab908d6a0778175b497ee39d86684f2afceb465f497
648a6e41468932992e6fbc137f49806cbd9f1ce8b35a9783c0cf8c55a0b6a1d9,e764552c6b6a9135e51537fb9ede13484149093d8050c1609704715bd28cd3d9
a7bb71a3c6ce94d9f0159f93ff0e1917eebb4fd29107b071ebc69f145e74c7fd,28d240674e4e48ca65a8a882237b8f84e108540b660d60d883eda27ca5568a63
c6b7f5e5f2c882615e1f007a8b6d5335e1195bf3fd82344b708de34d2baba01f,4b8b268b106b261887033911aec17a53be6e34f61eefb8598eee40ff889b2eec
375fe3b60a99342752cd7db6d75dee991a85ee6098024d0a7b40e3e851660193,3a5e70e14b1e7f6d5048fa2f61656f71aaf820cd103033358a010c18023047a4
afa7904ca2adb104c9603a51ae357dd57c1419dca598dd009ccf244af7ce6eae,c76a2a375c96fbbca85067bdf6604d799e1074d6cf177e43088fda86dd5ebb9a
6e61b72884d3e7da487c881631d4e47571005d3a639d3be4631fe80d5068f3a3,4d1fedeb41d75de5167ae8f21db47496e7d428e7ddb872d074ce065a02848f9a
afa7904ca2adb104c9603a51ae357dd57c1419dca598dd009ccf244af7ce6eae,d109913259ddafc50ec8c97f8b35b4896863dfb67337dd1b21f850c7855f99d1
375fe3b60a99342752cd7db6d75dee991a85ee6098024d0a7b40e3e851660193,54a36a8a0772aaace951d95ab34d03d53bd46b2684d7685b4e7d2658a77fec6e
f7a8c86cc6fd7675922ccd626aab0bc52779dd49fc9c0dbefa7aee27eeaad100,5e00f7e249376016cc78cbfb154dedc602ac8e279976c8afdd3c9971bbb65c68
6d8551cc84f37e6923c2957e538411030f6ea09252386a34590b9456ab84f114,6bb0da9b617ce4f31963c1b0dfaeec0bb2870e20093edc129933bf15a96d15fc
c566a30616de21a140df36a02c86798f71b3533430c3060749b449486c8f2dce,8f36215a553aedd67c30bcb6236e34d7644ad7a0565a75fcf1855ed07a42f4d7
2d6cec0ac9e7cf4ed6512fc6abab156aa9d106430f8b14076d04a05b3690cc93,23db36994409ca1ce9ad894befed648c84750b3d3a344b4a021437474a7ddea4
a7bb71a3c6ce94d9f0159f93ff0e1917eebb4fd29107b071ebc69f145e74c7fd,3c91b59a3c1aa673d8bd83fe36c73d5bd275c6aad10c3e95c636ff21df686f19
a7bb71a3c6ce94d9f0159f93ff0e1917eebb4fd29107b071ebc69f145e74c7fd,e543d39b8802f0707ec2cbf967b939400f4640251a32193051ca3c78cbf4b2fe
79aa4225e90e6b4c55a45b365792e28f1a242901f51ecbc456a7901fe20b048a,624834b9975ae1d005cb97bb2f0f82656a93c896234a78ff4ccad45112a0fc86
c566a30616de21a140df36a02c86798f71b3533430c3060749b449486c8f2dce,47fb290d97de6e67d0fdc02bbffd3e9314741fd17064f2c12c0f843bcd8a319a
e68f07eee91ef3f8507138b52c23966bf767883aa60b17fc1e635fd0c7c7bc4b,7771cb7156db4ac5853391078e14eac675ce241f9642e054d3a68b0738798a3f
afa7904ca2adb104c9603a51ae357dd57c1419dca598dd009ccf244af7ce6eae,e793fb20ea866ff66a9ed5c35fd21a4b2a4c366e8fcf49bce6317c604fa43d35
375fe3b60a99342752cd7db6d75dee991a85ee6098024d0a7b40e3e851660193,a443dd33b0ae80e5cdbba6d7204abefe6853e3dad19e2cc923f359ac780df9b3
ff63472b842684908ca432ef0d0564bdf17a195d0f13eeeb18d0f19d28bd5101,a09bc39d360690e1bed4cde7deada1c072c36a5727a93320999cf38c8cd8014b
375fe3b60a99342752cd7db6d75dee991a85ee6098024d0a7b40e3e851660193,8cb73e3bd323e5eb166085f85f5dafcc9cbf0d001b0fb75374d25bdd0d8a00a9
ff63472b842684908ca432ef0d0564bdf17a195d0f13eeeb18d0f19d28bd5101,55df8fa66077738dfad833a6000aca9a7a50c1708377b96deea2be2f27509a37
fe2d11f3c91e0e7ea9a2cc2d406a72bb2abbd0cefb9d71d667fc8b74fa45da8f,d6dbe915bf37d5ffd79abc729cce49fd5f1d692804ebc5412139f07e5561ca89
375fe3b60a99342752cd7db6d75dee991a85ee6098024d0a7b40e3e851660193,f26a8d40c075d202262d50c22584694af8ec2f2f407a4663f66fd0d89633baa5
c7f7deace6b2f54a711d30e6eca022d533e5ed0b776aa99ad73891b80ed22afd,a275cde51ff87a7242fcaadced92b4a71a6b2a768b6847efa2afc9e9b05bfbd3
2fdcf9d2fd07780246f4952d4bfca1a67179bf643f734ebee4a4422d930ce60b,17b4895398c03c3e7072da1b9b484be4ad905bab84cce86dd26d5772312d579f
b7cff9d26362623eea214b7f57613760548436d4e9d3ead35d4d1afcd2f22135,243a657bc38a54c71f6fe3325aaa91935d45c3d5273ccde7fd06b31a3da16c59
1f5aa27f1bcae2314e79a18b7c8711cb03e5f4e1fd1e278c8a4240f144a43f00,3472b7a156692d1ea74b0733d1adc72b95398d574ac4fb6bbcd7939468b1741c
6d8551cc84f37e6923c2957e538411030f6ea09252386a34590b9456ab84f114,bed4526a55e2810d3ae749f6c3870b0e517cafb2f32a3502d0b2dd881b570e02
375fe3b60a99342752cd7db6d75dee991a85ee6098024d0a7b40e3e851660193,77e7acb0c3d15e0288661106f1263ea40e164425747610a0e9dd10412679a61c
8d6f6b32b3d3d9e8d0c892270963413ec4fe2578ed0f2e3137b35b7c6c3b3df9,268dfdffdba326da0c3a6ded5b164f143705949010ae83eb85622fd61dcd396b
8e5ad7f203c38d081100d1d5ee191171d7cc5448dcf7c4d17104ed6b7fb8529b,e1c6f6d29b1fddd0e0ec16822161f52b6a7a019ed45ebfcac6e1c839ee0f3f36
3bfa86a14de848234a8a5503ca66d22b6fdde3841cb5062610b00298498c160b,ebf098760ce97a32aa1c2eda32436beb44f68a7fb57883d3d8b8621d3071ec95
afa7904ca2adb104c9603a51ae357dd57c1419dca598dd009ccf244af7ce6eae,b6531ece08ade6cadc085ac642419ab09d51f2c6eeaa0873f3011fe52707b9d2
2850e79f95527e98f13aa2db2384dec13a4ead1cf046aee7847490f4941176fc,2917446632f8ae4eaf19d809896c45a23e1fbae031cc69a6b42b320c68d382d9
375fe3b60a99342752cd7db6d75dee991a85ee6098024d0a7b40e3e851660193,8e42de9d0e29d7249966094f1b9d3a740cbb382be4cdd819514cd2539a533a09
a7bb71a3c6ce94d9f0159f93ff0e1917eebb4fd29107b071ebc69f145e74c7fd,ba6e3777d11419af1dc33837b6753018f603ba1a7a17412ea6f600a7c90260a3
a7bb71a3c6ce94d9f0159f93ff0e1917eebb4fd29107b071ebc69f145e74c7fd,4c997a789f59849869169eb85fb60b1d7393224ca6b73892d2270972f5b20150
afa7904ca2adb104c9603a51ae357dd57c1419dca598dd009ccf244af7ce6eae,a54f7662378b9eaecbb7803305e27abbccaab230b37c30b64d97a2124a24bdf7
a7bb71a3c6ce94d9f0159f93ff0e1917eebb4fd29107b071ebc69f145e74c7fd,f96847af750e5786d9808972ac3d7473ac4c9d22b60845133d56da9888c775c9
e6a898d5facae9593779d6dfd1736bfedbf1336018f46338a83f29a545f33451,a48e0e944145cd8fe217bf407e6308fd8e5aecf1a91218545d77d8fde1cee1da
84f083007f6fba2b1bffcb57ffb5c57107a077775926c021cf6e79d6529e4b20,b7f12bd3d3a2ab41be0c7b72df087e49c94d19b0279c1b43a0ecf338dbca4d6c
6d8551cc84f37e6923c2957e538411030f6ea09252386a34590b9456ab84f114,94bc6861cc171973583c67753ad1503611cfe375313034b7158826feb5bd2743
afa7904ca2adb104c9603a51ae357dd57c1419dca598dd009ccf244af7ce6eae,b234f06613c7dbc0e7dd9f994a552df3b9c1ec1f4cbb20d5fb5e5a0d592509a1
ff63472b842684908ca432ef0d0564bdf17a195d0f13eeeb18d0f19d28bd5101,f4933c60cf954b295b1c19e77b019e8ba374ad7c26850dcee8a81560ff2e9e6c
5bcd74976c371077ebfdb34185f1428915ba1c3d8b374b3b65838b9fe4b30c55,48b774e2c708dadbd31b11ddfcab87513a392f41eea06948fe3089d36c8df746
e950d9ca75687af7e7c110e5251aa9cce6b1c469bfc566849b9a2f29bffab69f,5ad3146dc4c4e1f05d0a27bae982364c2d3bdbb299f6e336583fe8c3b4a381cd
e6a898d5facae9593779d6dfd1736bfedbf1336018f46338a83f29a545f33451,c5b832c1ca89dc58924f7849980cfd0e9bd20751ffb39953d4c4c16849a1971a
b7cff9d26362623eea214b7f57613760548436d4e9d3ead35d4d1afcd2f22135,4a3b8fa90b0d1102654eac448bc4913ac0e261e2700efb5fd2cb8986df76de91
2d6cec0ac9e7cf4ed6512fc6abab156aa9d106430f8b14076d04a05b3690cc93,f74a74285f3f0459d8c4051cb032073baacb506b55001a0903b40d1e401c40fd
afa7904ca2adb104c9603a51ae357dd57c1419dca598dd009ccf244af7ce6eae,1def3008a72a27a3ff26933e05905e474d73818d37cc5508e7a0443a6fddd7c0
3a4e2ec55e5cf7783a7fb32b523f7d1f0280df32132cb044ff4344727b10815c,dbc46f1095cbb6c6397a8324e0afc456ab49d06792c95dbdbe6d6ff514d5c806
ab4cfddbce4eece7cf9e0d317b01bef93ab78142e0cfb7fe682beea7a2a86450,1ec5f5195f5f09b51b5b8a58776525a7480608b32d88f7685e92a0daeddfce6e
c6b7f5e5f2c882615e1f007a8b6d5335e1195bf3fd82344b708de34d2baba01f,7c7c707ef24dd406f035a9b804255c65a1bbc69568474f581a2a8c98ee241fc2
5885143cc4238a6fc0104f6e022ddf0f2db5d4daecc947851879dc9bd56c5b9e,95d8380589333562b785f0b37bc0714f0a7abe31564191cc63987759c70910d2
c566a30616de21a140df36a02c86798f71b3533430c3060749b449486c8f2dce,c2ac2c5319e1fa61e33922bfb258ef8834286b6bf620797b41c65158a935a75f
8ee117ecfb493b916b0112e1dc2f87f92718d7ad4b40a589790dd783959016b1,a89998d9ba59b562c47b822af6a69b146c247267c9ec61aa2ed424af72c43ae7
3bb2f7822a4ae9d352f2c261fc5cc906773b4fc3b2aebd58c5895880d104dcd8,80af1ceeb280f2b10002eeead86263026afdc96ec78dbcce913c88961aa4d367
afa7904ca2adb104c9603a51ae357dd57c1419dca598dd009ccf244af7ce6eae,f7bc24a501bb6fdce6f40fe702d9b809e31932aad480f5cc9078579028a6c0e0
f4c86f9a1dc7590d737bf98270f060df5734d46a25fbd32ea17acd5c732e9838,d920f4c585410cce1b0ff98ec5f73a3194f424b6d0e712e0aaed5a8154129c06
656db4a910d41840e78e64f1611b4ab74ab7aed3db4dcf6ed32f494e9a8d1618,96243b6eb5998aada19d84a390c8b70292a7b3eb31afe2041e380af7c9310a77
1f5aa27f1bcae2314e79a18b7c8711cb03e5f4e1fd1e278c8a4240f144a43f00,821107331a21bd206dd1b2b1a21122df6601fb5555166b13780064dd809132d2
d4fa042e49fdb0400d0f6c8da621b6d8ce496cf62846f1e612b21d91bb42581a,5cc7468b8275a8feb308522a0edada54fc0ff14fcd23a7196a2fdd97d2a8d65b
c7f7deace6b2f54a711d30e6eca022d533e5ed0b776aa99ad73891b80ed22afd,0c8df134d18bac77c47b7cf9b9e08c12f7c77206c0e936fcd51d6d25ad80af91
a534b11d351847974ccafdccb7df6db532e15bfaae2935a47e4086547173950d,67c879cd1a33a36acad786aa292dd40808c2c33bcd42a09bca9c72ee291ed82a
2b6f52c11c878d5c2eb1585160803a8b25384d6626cbe1ab5459834d0ab25e95,c36944f3dee87d20c2d97cbc2f0227baa5cbd8c0d6ea73e13b46b5697fde2ad2
c566a30616de21a140df36a02c86798f71b3533430c3060749b449486c8f2dce,88bc0b7fdaa631bb2befac6f7903515dee11ef49a818f6e9e1cc5e44caf3812c
3bfa86a14de848234a8a5503ca66d22b6fdde3841cb5062610b00298498c160b,ca250299820a4240af0389f53ee4147d36ccfb815b649cd33222f9539f42a3b9
6d8551cc84f37e6923c2957e538411030f6ea09252386a34590b9456ab84f114,52fffb5eceee5d4a81eff3d7421912bdba54c4dcbce8e45ea1ee800438e7a1bf
45bbf218b757277113f57791034d29eaf2f66403ab3c5a3af397cfe01e48df7d,2a2903a4ea2675ccc2f99d92b13422bdc977c1b1625f3665bbdb5a8e079c04bc
b9475de5915148892ed2ddb2ff07c9118ebd7addebd80273e6e137c2a0e1ba6e,bfa3bffd10b0fdf687700d53405aa846e8de878e06c4cd6bf9541e9551c67f61
2d6cec0ac9e7cf4ed6512fc6abab156aa9d106430f8b14076d04a05b3690cc93,780abd18ad5d1aef2bd599ce75831e056aa42b8969f367cd3c15d0c65aeba19d
b280bee9123796e0cfa0c24eda87c831f7eb21333d96aeb0037f6be428dff3cc,3732e88691fffa2da0c54b5c8abfd91aeeb3bd6cd5f46848707451c98cdc4dae
375fe3b60a99342752cd7db6d75dee991a85ee6098024d0a7b40e3e851660193,0d800de92e8935528bab87371d08bc4c5d2faebb478ccea5144201f1e2d2c79a
2d6cec0ac9e7cf4ed6512fc6abab156aa9d106430f8b14076d04a05b3690cc93,1a3108bbd39ded7994fa0062c4489225cdfcf69d50fd3e75f99e62cfe1c0557c
375fe3b60a99342752cd7db6d75dee991a85ee6098024d0a7b40e3e851660193,22aa700688a03c47731adc9a8831d70c8a5d3d50b3cd162482b14debe1683ac1
a7bb71a3c6ce94d9f0159f93ff0e1917eebb4fd29107b071ebc69f145e74c7fd,0d8ccf8da8f29655f3cd6a10098ebef873924e86580505a796c4eca73699be88
bfdf7150ab36cea644ef79b49bfb9e4ee92c49056769d7dc589aedd4b7191811,0ddde0189602150f0d2eaf98b74bb2647ebe908065fcfff5034dbfca41c7867f
3a4e2ec55e5cf7783a7fb32b523f7d1f0280df32132cb044ff4344727b10815c,6e9d19907a515b1ab4b60b391aacd6c1ed2ee793ee36409c3a2b89c7f623b335
b877a8952ca88abf562facaa6379153b83396d810b90088514fab158d5c9b206,2c5f5424a56793bb3b89d3f992f5cf144c0c39fe033fe0e7e9a6715d6c47afc0
afa7904ca2adb104c9603a51ae357dd57c1419dca598dd009ccf244af7ce6eae,ac96d664fc80e4c0442c210be76cb6638e6e50a8e19672f5b8d1a0129e17b2eb
70504b4a59ee0b304188263b09f7e3f4ab596959e84635899073f835710edb02,d1843a7cb96bdc6472b0208a54f1fd68d93fa53fbe8f6015091f9ca552e79f85
2b6f52c11c878d5c2eb1585160803a8b25384d6626cbe1ab5459834d0ab25e95,1631c98e803bb3b672f7be4955698e9410b9981ef33d77509cda690436ece41a
a7bb71a3c6ce94d9f0159f93ff0e1917eebb4fd29107b071ebc69f145e74c7fd,439a23b763376f643c48d9ada7e930a5c0ae21270efe45346a810f8e561cc4b3
858cd39b411502a3ffcaa1803c944511523c28e5626f199315d4d379c4b6ff6c,fd840ca75934c89bf35fdc2104920b905d52b86f9d85726f032e249ffbf4d697
a79376e07da06ca1e6fbf0742a069fddba199df3115e729b6f3b62cdf328cbcc,a115dc40ba1c0f810a24e8146baf796a46fedfe341e9b4fd59ef680f6350c5ac
6d8551cc84f37e6923c2957e538411030f6ea09252386a34590b9456ab84f114,8ffeb9f468b9c5a968077b10ac544c49b6f94c2016063434a0095ddd4251e330
afa7904ca2adb104c9603a51ae357dd57c1419dca598dd009ccf244af7ce6eae,445b4615b8571bb5ff99f8ed665b3fd158e59c4ab6fca42ea958f934ceb34242
b9475de5915148892ed2ddb2ff07c9118ebd7addebd80273e6e137c2a0e1ba6e,8886538daa48a11150fe01d5af3a8510265e61cfb17ac2667426db45efa06f93
a3723e38e13770264508451ae1216fc0d05696d27f6b6cabace1231206c5583f,9cffc72b1363bcc719d451a1f76b96f91f84bd227a51fc91c60c4837c2f775c6
5a8e0d40069a37e30efd23a1ba285d9e287d5b751f91d4f7685231abc1243223,2614ef20b137d795adbf2aeeb6fb8d98b4eb0ebd47f6cfd59fa555a50753875e
d04acb1fd6b68f1fd4a01c94534b0a20ff40ebb6b42d0e4185ae3ef5f24ce636,c5c23d3bf55b4db31d597704969b041734bdff62cbd1e582378cce4dd2e17a56
b280bee9123796e0cfa0c24eda87c831f7eb21333d96aeb0037f6be428dff3cc,4d7246fec8b83773879d75ca7add7823163eb95f514172fb7e6155faea7602c7
a7bb71a3c6ce94d9f0159f93ff0e1917eebb4fd29107b071ebc69f145e74c7fd,ec45441fd38bb31afa3df667b96e9ee6bcae1ca06fb1e093ec59a3b5f177340a
bfdf7150ab36cea644ef79b49bfb9e4ee92c49056769d7dc589aedd4b7191811,87fba1bcc6abbf53b3fe113dadc01e8d7457b81f6220f464580cfc3c5d9b7be7
1f5aa27f1bcae2314e79a18b7c8711cb03e5f4e1fd1e278c8a4240f144a43f00,2f6579cbafaa4dfcdc22db9467b35a3c6a85b305d7c18a3d5dcb1fa90501c8e9
f4c86f9a1dc7590d737bf98270f060df5734d46a25fbd32ea17acd5c732e9838,eab42f7f910f28a5957257b699ee00b4e6e0e0c4cca1260a1b7f46754e091fdd
8ee117ecfb493b916b0112e1dc2f87f92718d7ad4b40a589790dd783959016b1,d11de3a9e870c5acc12cb1c4b828614b0684b0d34ea3df389c8df14b6a638263
afa7904ca2adb104c9603a51ae357dd57c1419dca598dd009ccf244af7ce6eae,89f7a813de2a59107c3f9bcf390176e7b4e581e54ae46c3b8b77fe9844d33e02
afa7904ca2adb104c9603a51ae357dd57c1419dca598dd009ccf244af7ce6eae,0260642b731ce0f7c37d0aad3853af26c70e1670c1369df33e781918ab51c996
c7f7deace6b2f54a711d30e6eca022d533e5ed0b776aa99ad73891b80ed22afd,cd47e253b08308825e70e1b21e1a2e9122751930a733ff8bc79806987b50728b
1d6551ceff12cf93ca0c6a4e3704eb68d35b7fd1ca393583e0cc276a1957751b,b5e744a09d54493a3a47c0334337ab8a798d7ba74af2b1efadd6fb24156210b8
af7ea8c0315b3b732c833159f5cbf2b638650d8723944ae8e2c22b53b3061912,9bfce49ae7d0e9f158d2acb28d6ad835d55e321e37fbceb7d8ea27658636f44a
c87c15427482baedd23457b27dd570e065dfe6c27d4daf988068c38df33ef831,bb221cc13f3a57c884989fc74a183e08f79536f89655d75322606daf517c9032
6255475c217e5b03b9d47263a97bcab7db7f5f1fb815b10408d85f0d29667b79,4867f737e1dfdb4ad074a543392733915b7c6259300d9306bcb9bbec2d101df9
858cd39b411502a3ffcaa1803c944511523c28e5626f199315d4d379c4b6ff6c,2a6562da1e09f1710f359aa68d6e69b536a22a1c6fac460f3a0b0ac6588a6242
b280bee9123796e0cfa0c24eda87c831f7eb21333d96aeb0037f6be428dff3cc,51988c60f20def4622316cb3b0ca2d8ea40f0266538d1538b5b0ee50be721828
b9475de5915148892ed2ddb2ff07c9118ebd7addebd80273e6e137c2a0e1ba6e,8ab0863cf9ccc14aa4003320a88e37d85e75b2c94614191fd70e3571d46e5cc8
375fe3b60a99342752cd7db6d75dee991a85ee6098024d0a7b40e3e851660193,c8132e674d12bb8094c473efa9f21737b6841eb59f037908da5803f37c57cecc
1f5aa27f1bcae2314e79a18b7c8711cb03e5f4e1fd1e278c8a4240f144a43f00,384fa72414edf1ac5d44a1faf79805d510de2ee206525168d7aaf61545608a42
3a4e2ec55e5cf7783a7fb32b523f7d1f0280df32132cb044ff4344727b10815c,485cbb0ca91fceb0ae52a21aab207eec09ba61b48cd4d2281fb264abfa71eab9
375fe3b60a99342752cd7db6d75dee991a85ee6098024d0a7b40e3e851660193,699609da1916bf0293d369c92a3cda17b51fe1cf3bb7d108f712017bfa367d12
c566a30616de21a140df36a02c86798f71b3533430c3060749b449486c8f2dce,7ee173fdd7604ee6570a6b8bf4277072cf73033a574f45a6c2eb1d22befcb679
bb86e80b0aba47af5df615faeaa9bc9534d54d869a320519c99d8282f8aab875,04bbdaf93ca033f041582e6b9a38b4536f4900c977bcd5f0da4ea963a861ab9e
b7cff9d26362623eea214b7f57613760548436d4e9d3ead35d4d1afcd2f22135,e6f199c0b0b423e8b59f13f530e7b120304d67593f244275709712f9dc81839f
afa7904ca2adb104c9603a51ae357dd57c1419dca598dd009ccf244af7ce6eae,fb53cae724e0104b54aa07904b72760c903cce0f9fa393cf253e2e4c41cb151b
2d6cec0ac9e7cf4ed6512fc6abab156aa9d106430f8b14076d04a05b3690cc93,f71e7c9cd748fdd7da767927644de88f01683654fe8d6206ea6cbc22add9cfe7
afa7904ca2adb104c9603a51ae357dd57c1419dca598dd009ccf244af7ce6eae,c48adbaa16539ad8232f90f038f864cca9a9d53872de4a67a72d8577e4ac2843
9a5e61f3e8c8c821336196756c95eb5f6083b5b037a26bcdced4b33bd7570880,3dc0f044f87f8f83500bdbcf3361d057a7f06b089450f28f13475cf71709e36b
c7f7deace6b2f54a711d30e6eca022d533e5ed0b776aa99ad73891b80ed22afd,842a20447bf84ee4ac5d89bfa4498e010f7a601ab48b1e72621a5a8cfa3c4c44
bfdf7150ab36cea644ef79b49bfb9e4ee92c49056769d7dc589aedd4b7191811,287ec3f1e35015a32e4b3119181beac3c5ecb17da947351963d91fa5b902a81d
8e5ad7f203c38d081100d1d5ee191171d7cc5448dcf7c4d17104ed6b7fb8529b,bb3337dec20e3180e4691b2cdf672014081860c857091271462112b381a81137
554eea647b9f997cedc77b6a4e0e4cc2f58b5dd24fa89ee46afe70c8ac8010ea,9c7c25f2919f4733517a82ef3826ca8d64ea1d0237378b3e1d2a2088a3d84843
b9475de5915148892ed2ddb2ff07c9118ebd7addebd80273e6e137c2a0e1ba6e,67eb8e44be8f88d6ee14b6c7bd4ffc86383a05e2fa986988148dcf5ad4519646
3e0e46215233d79c4562eff1a97e51b97011d73d2c41f073aa0f6e82e4a092ea,597b40614aaca26e8620c307a05adce90a2a3fdfadae9e67b3ca1ec5de0fa33a
c566a30616de21a140df36a02c86798f71b3533430c3060749b449486c8f2dce,747f3cae5353d25b463613472efae91b41b6eb2c24f4377d0a282993672c537b
3a4e2ec55e5cf7783a7fb32b523f7d1f0280df32132cb044ff4344727b10815c,ad4045df8f9c8df02b343a64ac10746d97f41bf513202ec7a4d4aa787efeb09c
f4c86f9a1dc7590d737bf98270f060df5734d46a25fbd32ea17acd5c732e9838,a042deefd2336867b4f372d0fae999e924fbde2192658fa675b551d2b8699f76
b280bee9123796e0cfa0c24eda87c831f7eb21333d96aeb0037f6be428dff3cc,5e7730a29a2d0585527a51bf58900fe102bf2a2f6d5257d099e527566ab0d17c
6d8551cc84f37e6923c2957e538411030f6ea09252386a34590b9456ab84f114,bc78471c2a4d94d83a561f84f912fb1e038d8f7972a0b07cc512f49ae403f0b1
afa7904ca2adb104c9603a51ae357dd57c1419dca598dd009ccf244af7ce6eae,65f3e29f490b9b04dce73c30f716746ab1ffd2e1e1afdb019798489aa0e3d3a7
48e27e2b1eba9e238259a17463417a81bf8f5c38c83caabf0c2cdd022f017ee2,e589b5bc3c1bd4a84684522273f66671d1717d788d1dd4a8670d9a3f7c8131a9
3bfa86a14de848234a8a5503ca66d22b6fdde3841cb5062610b00298498c160b,8e60d3d0f06f13b2fa1cb0003a29edc0473607e80632072fd974f6f4b76110f7
656db4a910d41840e78e64f1611b4ab74ab7aed3db4dcf6ed32f494e9a8d1618,0403492f2b57355006c6b993865125e977f2ac5d302a0c324501f689d6921b0b
a7bb71a3c6ce94d9f0159f93ff0e1917eebb4fd29107b071ebc69f145e74c7fd,40da5c645a99a8df77422037020c961a10cd7fe8d5e2e7fdbdbd85902aae3a7e
dadfde75b9a03a555acab59f97f1461cbff2c016dab677dcc5f24e34d07d2722,84b20db20019594eabbcb0223eb9f0514f31ac22dc7f61ec46944006c20dde5e
f4fcd46a2023c0752960ec29d05e9e91673b740439a68a06274ddc59b7a1785d,4c6b7c72a8104a6e0691c0e70e208890cb6621f727e3c1069acf69ca218d66b1
afa7904ca2adb104c9603a51ae357dd57c1419dca598dd009ccf244af7ce6eae,32399b693964f97c2559740b6a35cde18fd304d3b0cee679406394bd9369d623
c566a30616de21a140df36a02c86798f71b3533430c3060749b449486c8f2dce,a07c92c47c344305edfe6bf6d061582601ffc0935f753d1bdfd449ea8ef968cc
b280bee9123796e0cfa0c24eda87c831f7eb21333d96aeb0037f6be428dff3cc,f87d1bfd2ba4237afb08b4b307761cda894413f4fc5e7fd7f8447b3a9c0c553e
6d8551cc84f37e6923c2957e538411030f6ea09252386a34590b9456ab84f114,f1241d22468c070aa00f1d2f41770d7734ec699cd109a21349b0077cb87f6b60
375fe3b60a99342752cd7db6d75dee991a85ee6098024d0a7b40e3e851660193,61a276626d2281f0a10ac2f4ca67dc7c7539842d7d87ea581fcbaf20d739b92f
3e0e46215233d79c4562eff1a97e51b97011d73d2c41f073aa0f6e82e4a092ea,a52c8f71eeddfb530a3c7cd2b5c097802f6cf92bfacf2a9957f892d35f59a2cf
2b6f52c11c878d5c2eb1585160803a8b25384d6626cbe1ab5459834d0ab25e95,9c07851d2c36bc167b7ddc4d3f03d9d888715bdd4216bcb2507b8d4f24f77a93
648a6e41468932992e6fbc137f49806cbd9f1ce8b35a9783c0cf8c55a0b6a1d9,aa80bd0b3cf879bba8a1fb019b44ab7ebc12291b8c6d6060d55e85e138282884
48e27e2b1eba9e238259a17463417a81bf8f5c38c83caabf0c2cdd022f017ee2,324505ad566180b829a468c7043c67cee27e9b7330f6915bdb630cba3bd4fcb5
bf02f242ec196aa7f8ff88ecb6df0c93c75d7a072b6d89be0c8a73f29720afde,d1cb3f00d44246c28fcff9193ad6c2c002dd4172f6ed250f5c0c4cac8eda4da4
a7bb71a3c6ce94d9f0159f93ff0e1917eebb4fd29107b071ebc69f145e74c7fd,c56c0fa17f5b87058475e7073ea94e8831a5a158330ef44732fef3a34697d23a
375fe3b60a99342752cd7db6d75dee991a85ee6098024d0a7b40e3e851660193,c21e3b988084a71ede7db0d774a51caed4e95f9b09dd641bf0901159d0c7b1ed
